species	taxon_id	element_type	corresponding_file
B_breve_017W439_C	1685	:CHRSM	B_breve_017W439_C
B_breve_082W48_C	1685	:CHRSM	B_breve_082W48_C
B_breve_1001270B_150601_B2_S	1685	:CHRSM	B_breve_1001270B_150601_B2_S
B_breve_12L_C	1685	:CHRSM	B_breve_12L_C
B_breve_139W423_C	1685	:CHRSM	B_breve_139W423_C
B_breve_180W83_C	1685	:CHRSM	B_breve_180W83_C
B_breve_215W447a_C	1685	:CHRSM	B_breve_215W447a_C
B_breve_322-1_S	1685	:CHRSM	B_breve_322-1_S
B_breve_689b_C	1685	:CHRSM	B_breve_689b_C
B_breve_91-1_S	1685	:CHRSM	B_breve_91-1_S
B_breve_ACS-071-V-Sch8b_C	1685	:CHRSM	B_breve_ACS-071-V-Sch8b_C
B_breve_B-breve_1_mod_C	1685	:CHRSM	B_breve_B-breve_1_mod_C
B_breve_BR3_C	1685	:CHRSM	B_breve_BR3_C
B_breve_BSD2780061688_150302_F6_S	1685	:CHRSM	B_breve_BSD2780061688_150302_F6_S
B_breve_Bifidobacterium_breve_MC1_S	1685	:CHRSM	B_breve_Bifidobacterium_breve_MC1_S
B_breve_CNCM_I-4321_C	1685	:CHRSM	B_breve_CNCM_I-4321_C
B_breve_DRBB26_C	1685	:CHRSM	B_breve_DRBB26_C
B_breve_DRBB27_C	1685	:CHRSM	B_breve_DRBB27_C
B_breve_DRBB28_C	1685	:CHRSM	B_breve_DRBB28_C
B_breve_DRBB29_C	1685	:CHRSM	B_breve_DRBB29_C
B_breve_DRBB30_C	1685	:CHRSM	B_breve_DRBB30_C
B_breve_DSM_20213_S	1685	:CHRSM	B_breve_DSM_20213_S
B_breve_FDAARGOS_561_C	1685	:CHRSM	B_breve_FDAARGOS_561_C
B_breve_GED8481_S	1685	:CHRSM	B_breve_GED8481_S
B_breve_HPH0326_S	1685	:CHRSM	B_breve_HPH0326_S
B_breve_JCM_1192_C	1685	:CHRSM	B_breve_JCM_1192_C
B_breve_JCM_7017_C	1685	:CHRSM	B_breve_JCM_7017_C
B_breve_JCM_7019_C	1685	:CHRSM	B_breve_JCM_7019_C
B_breve_JCP7499_S	1685	:CHRSM	B_breve_JCP7499_S
B_breve_JR01_C	1685	:CHRSM	B_breve_JR01_C
B_breve_JSRL01_C	1685	:CHRSM	B_breve_JSRL01_C
B_breve_JTL_C	1685	:CHRSM	B_breve_JTL_C
B_breve_LH_21_S	1685	:CHRSM	B_breve_LH_21_S
B_breve_LH_24_S	1685	:CHRSM	B_breve_LH_24_S
B_breve_LMC520_C	1685	:CHRSM	B_breve_LMC520_C
B_breve_MCC_0305_S	1685	:CHRSM	B_breve_MCC_0305_S
B_breve_MCC_1094_S	1685	:CHRSM	B_breve_MCC_1094_S
B_breve_MCC_1340_S	1685	:CHRSM	B_breve_MCC_1340_S
B_breve_MCC_1454_S	1685	:CHRSM	B_breve_MCC_1454_S
B_breve_MCC_1605_S	1685	:CHRSM	B_breve_MCC_1605_S
B_breve_MGYG-HGUT-02469_C	1685	:CHRSM	B_breve_MGYG-HGUT-02469_C
B_breve_N6D12_S	1685	:CHRSM	B_breve_N6D12_S
B_breve_NCFB_2258_C	1685	:CHRSM	B_breve_NCFB_2258_C
B_breve_NCTC11815_C	1685	:CHRSM	B_breve_NCTC11815_C
B_breve_NRBB01_C	1685	:CHRSM	B_breve_NRBB01_C
B_breve_NRBB02_C	1685	:CHRSM	B_breve_NRBB02_C
B_breve_NRBB04_C	1685	:CHRSM	B_breve_NRBB04_C
B_breve_NRBB08_C	1685	:CHRSM	B_breve_NRBB08_C
B_breve_NRBB09_C	1685	:CHRSM	B_breve_NRBB09_C
B_breve_NRBB11_C	1685	:CHRSM	B_breve_NRBB11_C
B_breve_NRBB18_C	1685	:CHRSM	B_breve_NRBB18_C
B_breve_NRBB19_C	1685	:CHRSM	B_breve_NRBB19_C
B_breve_NRBB20_C	1685	:CHRSM	B_breve_NRBB20_C
B_breve_NRBB27_C	1685	:CHRSM	B_breve_NRBB27_C
B_breve_NRBB49_C	1685	:CHRSM	B_breve_NRBB49_C
B_breve_NRBB50_C	1685	:CHRSM	B_breve_NRBB50_C
B_breve_NRBB51_C	1685	:CHRSM	B_breve_NRBB51_C
B_breve_NRBB52_C	1685	:CHRSM	B_breve_NRBB52_C
B_breve_NRBB56_C	1685	:CHRSM	B_breve_NRBB56_C
B_breve_NRBB57_C	1685	:CHRSM	B_breve_NRBB57_C
B_breve_S27_C	1685	:CHRSM	B_breve_S27_C
B_breve_SC95_S	1685	:CHRSM	B_breve_SC95_S
B_breve_UCC2003_C	1685	:CHRSM	B_breve_UCC2003_C
B_breve_UMB0089_S	1685	:CHRSM	B_breve_UMB0089_S
B_breve_UMB0915_S	1685	:CHRSM	B_breve_UMB0915_S
B_breve_W20-13_S	1685	:CHRSM	B_breve_W20-13_S
B_breve_W56_S	1685	:CHRSM	B_breve_W56_S
B_breve_lw01_C	1685	:CHRSM	B_breve_lw01_C
B_longum_1-5B_S	216816	:CHRSM	B_longum_1-5B_S
B_longum_1001136B_160425_B5_S	216816	:CHRSM	B_longum_1001136B_160425_B5_S
B_longum_1001175B_160314_B2_S	216816	:CHRSM	B_longum_1001175B_160314_B2_S
B_longum_1001175st1_G10_S	216816	:CHRSM	B_longum_1001175st1_G10_S
B_longum_1001271st1_B4_S	216816	:CHRSM	B_longum_1001271st1_B4_S
B_longum_1001275B_160808_B3_S	216816	:CHRSM	B_longum_1001275B_160808_B3_S
B_longum_1001302B_160321_G1_S	216816	:CHRSM	B_longum_1001302B_160321_G1_S
B_longum_1001713B170214_170313_H7_S	216816	:CHRSM	B_longum_1001713B170214_170313_H7_S
B_longum_105-A_C	216816	:CHRSM	B_longum_105-A_C
B_longum_12_1_47BFAA_S	216816	:CHRSM	B_longum_12_1_47BFAA_S
B_longum_157F_C	216816	:CHRSM	B_longum_157F_C
B_longum_17-1B_S	216816	:CHRSM	B_longum_17-1B_S
B_longum_239-2_S	216816	:CHRSM	B_longum_239-2_S
B_longum_35624_C	216816	:CHRSM	B_longum_35624_C
B_longum_51A_C	216816	:CHRSM	B_longum_51A_C
B_longum_7-1B_S	216816	:CHRSM	B_longum_7-1B_S
B_longum_72B_S	216816	:CHRSM	B_longum_72B_S
B_longum_7_S	216816	:CHRSM	B_longum_7_S
B_longum_AF03-10_S	216816	:CHRSM	B_longum_AF03-10_S
B_longum_AF03-20_S	216816	:CHRSM	B_longum_AF03-20_S
B_longum_AF03-27_S	216816	:CHRSM	B_longum_AF03-27_S
B_longum_AF04-13_S	216816	:CHRSM	B_longum_AF04-13_S
B_longum_AF05-16_S	216816	:CHRSM	B_longum_AF05-16_S
B_longum_AF05-2_S	216816	:CHRSM	B_longum_AF05-2_S
B_longum_AF08-2_S	216816	:CHRSM	B_longum_AF08-2_S
B_longum_AF11-12_S	216816	:CHRSM	B_longum_AF11-12_S
B_longum_AF11-41_S	216816	:CHRSM	B_longum_AF11-41_S
B_longum_AF13-34_S	216816	:CHRSM	B_longum_AF13-34_S
B_longum_AF13-41_S	216816	:CHRSM	B_longum_AF13-41_S
B_longum_AF14-22_S	216816	:CHRSM	B_longum_AF14-22_S
B_longum_AF14-34_S	216816	:CHRSM	B_longum_AF14-34_S
B_longum_AF26-10_S	216816	:CHRSM	B_longum_AF26-10_S
B_longum_AF27-1BH_S	216816	:CHRSM	B_longum_AF27-1BH_S
B_longum_AF30-11_S	216816	:CHRSM	B_longum_AF30-11_S
B_longum_AF30-12_S	216816	:CHRSM	B_longum_AF30-12_S
B_longum_AF34-9AC_S	216816	:CHRSM	B_longum_AF34-9AC_S
B_longum_AF35-13AC_S	216816	:CHRSM	B_longum_AF35-13AC_S
B_longum_AF36-1_S	216816	:CHRSM	B_longum_AF36-1_S
B_longum_AH1206_C	216816	:CHRSM	B_longum_AH1206_C
B_longum_AM10-15B_S	216816	:CHRSM	B_longum_AM10-15B_S
B_longum_AM11-2_S	216816	:CHRSM	B_longum_AM11-2_S
B_longum_AM11-5_S	216816	:CHRSM	B_longum_AM11-5_S
B_longum_AM12-16_S	216816	:CHRSM	B_longum_AM12-16_S
B_longum_AM16-2_S	216816	:CHRSM	B_longum_AM16-2_S
B_longum_AM20-19AC_S	216816	:CHRSM	B_longum_AM20-19AC_S
B_longum_AM20-39_S	216816	:CHRSM	B_longum_AM20-39_S
B_longum_AM20-3_S	216816	:CHRSM	B_longum_AM20-3_S
B_longum_AM21-20_S	216816	:CHRSM	B_longum_AM21-20_S
B_longum_AM30-9LB_S	216816	:CHRSM	B_longum_AM30-9LB_S
B_longum_AM31-13LB_S	216816	:CHRSM	B_longum_AM31-13LB_S
B_longum_AM34-3_S	216816	:CHRSM	B_longum_AM34-3_S
B_longum_AM39-10AC_S	216816	:CHRSM	B_longum_AM39-10AC_S
B_longum_AM39-8AC_S	216816	:CHRSM	B_longum_AM39-8AC_S
B_longum_AM42-13AT_S	216816	:CHRSM	B_longum_AM42-13AT_S
B_longum_ATCC_15697_C	216816	:CHRSM	B_longum_ATCC_15697_C
B_longum_ATCC_55813_S	216816	:CHRSM	B_longum_ATCC_55813_S
B_longum_BAMA-B05_C	216816	:CHRSM	B_longum_BAMA-B05_C
B_longum_BBMN68_C	216816	:CHRSM	B_longum_BBMN68_C
B_longum_BG7_C	216816	:CHRSM	B_longum_BG7_C
B_longum_BIM_B-813D_C	216816	:CHRSM	B_longum_BIM_B-813D_C
B_longum_BORI_C	216816	:CHRSM	B_longum_BORI_C
B_longum_BSD2780061688_150302_C8_S	216816	:CHRSM	B_longum_BSD2780061688_150302_C8_S
B_longum_BSD2780061688b_171218_H1_S	216816	:CHRSM	B_longum_BSD2780061688b_171218_H1_S
B_longum_BSD2780061688st2_H1_S	216816	:CHRSM	B_longum_BSD2780061688st2_H1_S
B_longum_BSD2780061689_150309_E10_S	216816	:CHRSM	B_longum_BSD2780061689_150309_E10_S
B_longum_BSD2780120874_150323_E3_S	216816	:CHRSM	B_longum_BSD2780120874_150323_E3_S
B_longum_BSD2780120874_150323_H5_S	216816	:CHRSM	B_longum_BSD2780120874_150323_H5_S
B_longum_BSD2780120875_150330_F5_S	216816	:CHRSM	B_longum_BSD2780120875_150330_F5_S
B_longum_BSM11-5_S	216816	:CHRSM	B_longum_BSM11-5_S
B_longum_BT1_C	216816	:CHRSM	B_longum_BT1_C
B_longum_BXY01_C	216816	:CHRSM	B_longum_BXY01_C
B_longum_CACC_517_C	216816	:CHRSM	B_longum_CACC_517_C
B_longum_CCUG30698_C	216816	:CHRSM	B_longum_CCUG30698_C
B_longum_CCUG_52486_S	216816	:CHRSM	B_longum_CCUG_52486_S
B_longum_CECT_7210_C	216816	:CHRSM	B_longum_CECT_7210_C
B_longum_CMCC_P0001_S	216816	:CHRSM	B_longum_CMCC_P0001_S
B_longum_CMW7750_S	216816	:CHRSM	B_longum_CMW7750_S
B_longum_D41t1_190614_F6_S	216816	:CHRSM	B_longum_D41t1_190614_F6_S
B_longum_D46t1_190503_C6_S	216816	:CHRSM	B_longum_D46t1_190503_C6_S
B_longum_D52t1_170925_H5_S	216816	:CHRSM	B_longum_D52t1_170925_H5_S
B_longum_D59t2_181005_F6_S	216816	:CHRSM	B_longum_D59t2_181005_F6_S
B_longum_D6t1_180914_B2_S	216816	:CHRSM	B_longum_D6t1_180914_B2_S
B_longum_D6t1_180914_F8_S	216816	:CHRSM	B_longum_D6t1_180914_F8_S
B_longum_DJO10A_C	216816	:CHRSM	B_longum_DJO10A_C
B_longum_DJO10A_S	216816	:CHRSM	B_longum_DJO10A_S
B_longum_EK13_S	216816	:CHRSM	B_longum_EK13_S
B_longum_EK3_S	216816	:CHRSM	B_longum_EK3_S
B_longum_EK5_S	216816	:CHRSM	B_longum_EK5_S
B_longum_GT15_C	216816	:CHRSM	B_longum_GT15_C
B_longum_J1101004_170508_D4_S	216816	:CHRSM	B_longum_J1101004_170508_D4_S
B_longum_JCM_11340_C	216816	:CHRSM	B_longum_JCM_11340_C
B_longum_JCM_11347_C	216816	:CHRSM	B_longum_JCM_11347_C
B_longum_JCM_11660_C	216816	:CHRSM	B_longum_JCM_11660_C
B_longum_JCM_1217_C	216816	:CHRSM	B_longum_JCM_1217_C
B_longum_JCM_1222_C	216816	:CHRSM	B_longum_JCM_1222_C
B_longum_JDM301_C	216816	:CHRSM	B_longum_JDM301_C
B_longum_JSRL02_C	216816	:CHRSM	B_longum_JSRL02_C
B_longum_Jih1_C	216816	:CHRSM	B_longum_Jih1_C
B_longum_KACC_91563_C	216816	:CHRSM	B_longum_KACC_91563_C
B_longum_LC67_C	216816	:CHRSM	B_longum_LC67_C
B_longum_LH_12_S	216816	:CHRSM	B_longum_LH_12_S
B_longum_LH_206_S	216816	:CHRSM	B_longum_LH_206_S
B_longum_LH_23_S	216816	:CHRSM	B_longum_LH_23_S
B_longum_LH_277_S	216816	:CHRSM	B_longum_LH_277_S
B_longum_LH_664_S	216816	:CHRSM	B_longum_LH_664_S
B_longum_LH_665_S	216816	:CHRSM	B_longum_LH_665_S
B_longum_LH_666_S	216816	:CHRSM	B_longum_LH_666_S
B_longum_LTBL16_C	216816	:CHRSM	B_longum_LTBL16_C
B_longum_MC-42_S	216816	:CHRSM	B_longum_MC-42_S
B_longum_MGYG-HGUT-01292_C	216816	:CHRSM	B_longum_MGYG-HGUT-01292_C
B_longum_N2E12_S	216816	:CHRSM	B_longum_N2E12_S
B_longum_N2F05_S	216816	:CHRSM	B_longum_N2F05_S
B_longum_N3A01_S	216816	:CHRSM	B_longum_N3A01_S
B_longum_N3E01-2_S	216816	:CHRSM	B_longum_N3E01-2_S
B_longum_N5E04_S	216816	:CHRSM	B_longum_N5E04_S
B_longum_N6D05_S	216816	:CHRSM	B_longum_N6D05_S
B_longum_NCC2705_C	216816	:CHRSM	B_longum_NCC2705_C
B_longum_NCIMB8809_C	216816	:CHRSM	B_longum_NCIMB8809_C
B_longum_NCTC11817_C	216816	:CHRSM	B_longum_NCTC11817_C
B_longum_NCTC11818_C	216816	:CHRSM	B_longum_NCTC11818_C
B_longum_OF01-16_S	216816	:CHRSM	B_longum_OF01-16_S
B_longum_OM05-2BH_S	216816	:CHRSM	B_longum_OM05-2BH_S
B_longum_TF01-22_S	216816	:CHRSM	B_longum_TF01-22_S
B_longum_TF06-12AC_S	216816	:CHRSM	B_longum_TF06-12AC_S
B_longum_TF06-45A_S	216816	:CHRSM	B_longum_TF06-45A_S
B_longum_TF07-31_S	216816	:CHRSM	B_longum_TF07-31_S
B_longum_TF07-34_S	216816	:CHRSM	B_longum_TF07-34_S
B_longum_TF07-39_S	216816	:CHRSM	B_longum_TF07-39_S
B_longum_TF08-4AC_S	216816	:CHRSM	B_longum_TF08-4AC_S
B_longum_TM01-1_S	216816	:CHRSM	B_longum_TM01-1_S
B_longum_TM02-7_S	216816	:CHRSM	B_longum_TM02-7_S
B_longum_TM04-17_S	216816	:CHRSM	B_longum_TM04-17_S
B_longum_TM04-48B_S	216816	:CHRSM	B_longum_TM04-48B_S
B_longum_TM05-14_S	216816	:CHRSM	B_longum_TM05-14_S
B_longum_TM06-1_S	216816	:CHRSM	B_longum_TM06-1_S
B_longum_TPY12-1_S	216816	:CHRSM	B_longum_TPY12-1_S
B_longum_UMB0788_S	216816	:CHRSM	B_longum_UMB0788_S
B_longum_VMKB44_S	216816	:CHRSM	B_longum_VMKB44_S
B_longum_W35-1_S	216816	:CHRSM	B_longum_W35-1_S
B_longum_YS108R_C	216816	:CHRSM	B_longum_YS108R_C
B_longum_ZJ1_C	216816	:CHRSM	B_longum_ZJ1_C
B_longum_B-longum_ssp_infantis_4_S	216816	:CHRSM	B_longum_B-longum_ssp_infantis_4_S
B_longum_B-longum_ssp_infantis_6_C	216816	:CHRSM	B_longum_B-longum_ssp_infantis_6_C
B_longum_Bifidobacterium_longum_subsp_infantis_MC1_S	216816	:CHRSM	B_longum_Bifidobacterium_longum_subsp_infantis_MC1_S
B_longum_Bifidobacterium_longum_subsp_infantis_MC2_S	216816	:CHRSM	B_longum_Bifidobacterium_longum_subsp_infantis_MC2_S
L_lactis_CIRM_BIA1596	1358	:CHRSM	L_lactis_CIRM_BIA1596
L_lactis_CIRM_BIA1596	1358	:CHRSM	L_lactis_CIRM_BIA1596
L_plantarum_CIRM_BIA1610	1365	:CHRSM	L_plantarum_CIRM_BIA1610
L_plantarum_CIRM_BIA1610	1365	:CHRSM	L_plantarum_CIRM_BIA1610
L_plantarum_CIRM_BIA1612	1365	:CHRSM	L_plantarum_CIRM_BIA1612
L_plantarum_CIRM_BIA1612	1365	:CHRSM	L_plantarum_CIRM_BIA1612
Lb_acidophilus_ATCC_4796_S	1579	:CHRSM	Lb_acidophilus_ATCC_4796_S
Lb_acidophilus_ATCC_53544_C	1579	:CHRSM	Lb_acidophilus_ATCC_53544_C
Lb_acidophilus_CIP_76-13_S	1579	:CHRSM	Lb_acidophilus_CIP_76-13_S
Lb_acidophilus_CNRZ1295_P	1579	:CHRSM	Lb_acidophilus_CNRZ1295_P
Lb_acidophilus_CNRZ1296_P	1579	:CHRSM	Lb_acidophilus_CNRZ1296_P
Lb_acidophilus_CNRZ1297_P	1579	:CHRSM	Lb_acidophilus_CNRZ1297_P
Lb_acidophilus_CNRZ1298_P	1579	:CHRSM	Lb_acidophilus_CNRZ1298_P
Lb_acidophilus_CNRZ1880_P	1579	:CHRSM	Lb_acidophilus_CNRZ1880_P
Lb_acidophilus_CNRZ1881_P	1579	:CHRSM	Lb_acidophilus_CNRZ1881_P
Lb_acidophilus_CNRZ1882_P	1579	:CHRSM	Lb_acidophilus_CNRZ1882_P
Lb_acidophilus_CNRZ1922_P	1579	:CHRSM	Lb_acidophilus_CNRZ1922_P
Lb_acidophilus_CNRZ1923_P	1579	:CHRSM	Lb_acidophilus_CNRZ1923_P
Lb_acidophilus_CNRZ1949_P	1579	:CHRSM	Lb_acidophilus_CNRZ1949_P
Lb_acidophilus_CNRZ2087_P	1579	:CHRSM	Lb_acidophilus_CNRZ2087_P
Lb_acidophilus_CNRZ2088_P	1579	:CHRSM	Lb_acidophilus_CNRZ2088_P
Lb_acidophilus_CNRZ216_P	1579	:CHRSM	Lb_acidophilus_CNRZ216_P
Lb_acidophilus_CNRZ321_P	1579	:CHRSM	Lb_acidophilus_CNRZ321_P
Lb_acidophilus_DSM_20079_C	1579	:CHRSM	Lb_acidophilus_DSM_20079_C
Lb_acidophilus_DSM_20079_S	1579	:CHRSM	Lb_acidophilus_DSM_20079_S
Lb_acidophilus_DSM_9126_S	1579	:CHRSM	Lb_acidophilus_DSM_9126_S
Lb_acidophilus_CIP_CIRM_DSM9126_S	1579	:CHRSM	Lb_acidophilus_CIP_CIRM_DSM9126_S
Lb_acidophilus_CIP_CIRM_DSM20242_S	1579	:CHRSM	Lb_acidophilus_CIP_CIRM_DSM20242_S
Lb_acidophilus_CIP_CIRM_BIA442_S	1579	:CHRSM	Lb_acidophilus_CIP_CIRM_BIA442_S
Lb_acidophilus_CIRM-BIA_445_S	1579	:CHRSM	Lb_acidophilus_CIRM-BIA_445_S
Lb_acidophilus_FSI4_C	1579	:CHRSM	Lb_acidophilus_FSI4_C
Lb_acidophilus_KLDS_1-0901_S	1579	:CHRSM	Lb_acidophilus_KLDS_1-0901_S
Lb_acidophilus_L-55_S	1579	:CHRSM	Lb_acidophilus_L-55_S
Lb_acidophilus_LA-G80-111_C	1579	:CHRSM	Lb_acidophilus_LA-G80-111_C
Lb_acidophilus_LA1_C	1579	:CHRSM	Lb_acidophilus_LA1_C
Lb_acidophilus_La-14_C	1579	:CHRSM	Lb_acidophilus_La-14_C
Lb_acidophilus_MGYG-HGUT-02379_S	1579	:CHRSM	Lb_acidophilus_MGYG-HGUT-02379_S
Lb_acidophilus_NCFM_C	1579	:CHRSM	Lb_acidophilus_NCFM_C
Lb_acidophilus_YT1_C	1579	:CHRSM	Lb_acidophilus_YT1_C
Lb_acidophilus_s-4_S	1579	:CHRSM	Lb_acidophilus_s-4_S
Lb_alimentarius_DSM_20249_C	1602	:CHRSM	Lb_alimentarius_DSM_20249_C
Lb_alimentarius_DSM_20249_S	1602	:CHRSM	Lb_alimentarius_DSM_20249_S
Lb_amylovorus_30SC_C	1602	:CHRSM	Lb_amylovorus_30SC_C
Lb_amylovorus_AF08-3_S	1602	:CHRSM	Lb_amylovorus_AF08-3_S
Lb_amylovorus_CNRZ1928_P	1604	:CHRSM	Lb_amylovorus_CNRZ1928_P
Lb_amylovorus_CNRZ1929_P	1604	:CHRSM	Lb_amylovorus_CNRZ1929_P
Lb_amylovorus_CNRZ1930_P	1604	:CHRSM	Lb_amylovorus_CNRZ1930_P
Lb_amylovorus_CNRZ2207_P	1604	:CHRSM	Lb_amylovorus_CNRZ2207_P
Lb_amylovorus_DSM_16698_S	1602	:CHRSM	Lb_amylovorus_DSM_16698_S
Lb_amylovorus_DSM_20531_C	1602	:CHRSM	Lb_amylovorus_DSM_20531_C
Lb_amylovorus_DSM_20531_S	1602	:CHRSM	Lb_amylovorus_DSM_20531_S
Lb_amylovorus_GRL1118_C	1602	:CHRSM	Lb_amylovorus_GRL1118_C
Lb_amylovorus_MGYG-HGUT-00161_S	1602	:CHRSM	Lb_amylovorus_MGYG-HGUT-00161_S
Lb_brevis_100D8_C	1580	:CHRSM	Lb_brevis_100D8_C
Lb_brevis_15f_S	1580	:CHRSM	Lb_brevis_15f_S
Lb_brevis_3M004_S	1580	:CHRSM	Lb_brevis_3M004_S
Lb_brevis_ATCC_14869_S	1580	:CHRSM	Lb_brevis_ATCC_14869_S
Lb_brevis_ATCC_27305_S	1580	:CHRSM	Lb_brevis_ATCC_27305_S
Lb_brevis_ATCC_367_C	1580	:CHRSM	Lb_brevis_ATCC_367_C
Lb_brevis_BDGP6_C	1580	:CHRSM	Lb_brevis_BDGP6_C
Lb_brevis_BSO_310_S	1580	:CHRSM	Lb_brevis_BSO_310_S
Lb_brevis_CNRZ1608_P	1580	:CHRSM	Lb_brevis_CNRZ1608_P
Lb_brevis_CNRZ1631_P	1580	:CHRSM	Lb_brevis_CNRZ1631_P
Lb_brevis_CNRZ1845_P	1580	:CHRSM	Lb_brevis_CNRZ1845_P
Lb_brevis_CNRZ2257_P	1580	:CHRSM	Lb_brevis_CNRZ2257_P
Lb_brevis_CNRZ2258_P	1580	:CHRSM	Lb_brevis_CNRZ2258_P
Lb_brevis_CNRZ2259_P	1580	:CHRSM	Lb_brevis_CNRZ2259_P
Lb_brevis_CNRZ2260_P	1580	:CHRSM	Lb_brevis_CNRZ2260_P
Lb_brevis_CNRZ2261_P	1580	:CHRSM	Lb_brevis_CNRZ2261_P
Lb_brevis_CNRZ2262_P	1580	:CHRSM	Lb_brevis_CNRZ2262_P
Lb_brevis_CNRZ2263_P	1580	:CHRSM	Lb_brevis_CNRZ2263_P
Lb_brevis_CNRZ2264_P	1580	:CHRSM	Lb_brevis_CNRZ2264_P
Lb_brevis_CNRZ234_P	1580	:CHRSM	Lb_brevis_CNRZ234_P
Lb_brevis_CNRZ734_P	1580	:CHRSM	Lb_brevis_CNRZ734_P
Lb_brevis_CNRZ741_P	1580	:CHRSM	Lb_brevis_CNRZ741_P
Lb_brevis_CNRZ742_P	1580	:CHRSM	Lb_brevis_CNRZ742_P
Lb_brevis_DM9218_S	1580	:CHRSM	Lb_brevis_DM9218_S
Lb_brevis_DSM_20054_S	1580	:CHRSM	Lb_brevis_DSM_20054_S
Lb_brevis_KB290_C	1580	:CHRSM	Lb_brevis_KB290_C
Lb_brevis_LMT1-73_C	1580	:CHRSM	Lb_brevis_LMT1-73_C
Lb_brevis_NCTC13768_C	1580	:CHRSM	Lb_brevis_NCTC13768_C
Lb_brevis_NPS-QW-145_C	1580	:CHRSM	Lb_brevis_NPS-QW-145_C
Lb_brevis_NSMJ23_C	1580	:CHRSM	Lb_brevis_NSMJ23_C
Lb_brevis_SA-C12_C	1580	:CHRSM	Lb_brevis_SA-C12_C
Lb_brevis_SRCM101106_C	1580	:CHRSM	Lb_brevis_SRCM101106_C
Lb_brevis_SRCM101174_C	1580	:CHRSM	Lb_brevis_SRCM101174_C
Lb_brevis_TMW_1-2108_C	1580	:CHRSM	Lb_brevis_TMW_1-2108_C
Lb_brevis_TMW_1-2112_C	1580	:CHRSM	Lb_brevis_TMW_1-2112_C
Lb_brevis_TMW_1-2113_C	1580	:CHRSM	Lb_brevis_TMW_1-2113_C
Lb_brevis_TMW_1-465_S	1580	:CHRSM	Lb_brevis_TMW_1-465_S
Lb_brevis_TMW_1-6_S	1580	:CHRSM	Lb_brevis_TMW_1-6_S
Lb_brevis_TUCO-5E_S	1580	:CHRSM	Lb_brevis_TUCO-5E_S
Lb_brevis_UCCLB521_C	1580	:CHRSM	Lb_brevis_UCCLB521_C
Lb_brevis_UCCLB556_C	1580	:CHRSM	Lb_brevis_UCCLB556_C
Lb_brevis_UCCLB95_C	1580	:CHRSM	Lb_brevis_UCCLB95_C
Lb_brevis_UCCLBBS124_C	1580	:CHRSM	Lb_brevis_UCCLBBS124_C
Lb_brevis_UCCLBBS449_C	1580	:CHRSM	Lb_brevis_UCCLBBS449_C
Lb_brevis_V5-22-11_P	1580	:CHRSM	Lb_brevis_V5-22-11_P
Lb_brevis_ZLB004_C	1580	:CHRSM	Lb_brevis_ZLB004_C
Lb_buchneri_ATCC_4005_S	1581	:CHRSM	Lb_buchneri_ATCC_4005_S
Lb_buchneri_CD034_C	1581	:CHRSM	Lb_buchneri_CD034_C
Lb_buchneri_CNRZ2253_P	1581	:CHRSM	Lb_buchneri_CNRZ2253_P
Lb_buchneri_CNRZ2254_P	1581	:CHRSM	Lb_buchneri_CNRZ2254_P
Lb_buchneri_CNRZ2255_P	1581	:CHRSM	Lb_buchneri_CNRZ2255_P
Lb_buchneri_CNRZ2256_P	1581	:CHRSM	Lb_buchneri_CNRZ2256_P
Lb_buchneri_CNRZ56_P	1581	:CHRSM	Lb_buchneri_CNRZ56_P
Lb_buchneri_LA1147_S	1581	:CHRSM	Lb_buchneri_LA1147_S
Lb_buchneri_LA1161C_S	1581	:CHRSM	Lb_buchneri_LA1161C_S
Lb_buchneri_LA1161B_S	1581	:CHRSM	Lb_buchneri_LA1161B_S
Lb_buchneri_LA1167_S	1581	:CHRSM	Lb_buchneri_LA1167_S
Lb_buchneri_LA1175D_S	1581	:CHRSM	Lb_buchneri_LA1175D_S
Lb_buchneri_LA1181_S	1581	:CHRSM	Lb_buchneri_LA1181_S
Lb_buchneri_LA1184_S	1581	:CHRSM	Lb_buchneri_LA1184_S
Lb_buchneri_MGB0786_C	1581	:CHRSM	Lb_buchneri_MGB0786_C
Lb_buchneri_NK01_S	1581	:CHRSM	Lb_buchneri_NK01_S
Lb_buchneri_NRRL_B-30929_C	1581	:CHRSM	Lb_buchneri_NRRL_B-30929_C
Lb_buchneri_SG162_S	1581	:CHRSM	Lb_buchneri_SG162_S
Lb_buchneri_V6-2-24_P	1581	:CHRSM	Lb_buchneri_V6-2-24_P
Lb_casei_12A_C	1582	:CHRSM	Lb_casei_12A_C
Lb_casei_A2-362_S	1582	:CHRSM	Lb_casei_A2-362_S
Lb_casei_ATCC_393_C	1582	:CHRSM	Lb_casei_ATCC_393_C
Lb_casei_L-cR4_S	1582	:CHRSM	Lb_casei_L-cR4_S
Lb_casei_LC5_C	1582	:CHRSM	Lb_casei_LC5_C
Lb_casei_MGB0470_C	1582	:CHRSM	Lb_casei_MGB0470_C
Lb_casei_MJA_12_S	1582	:CHRSM	Lb_casei_MJA_12_S
Lb_casei_YNF-5_S	1582	:CHRSM	Lb_casei_YNF-5_S
Lb_casei_Z11_S	1582	:CHRSM	Lb_casei_Z11_S
Lb_coryniformis_CBA3616_C	1610	:CHRSM	Lb_coryniformis_CBA3616_C
Lb_coryniformis_DSM_20001_C	1610	:CHRSM	Lb_coryniformis_DSM_20001_C
Lb_coryniformis_DSM_20001_S	1610	:CHRSM	Lb_coryniformis_DSM_20001_S
Lb_coryniformis_DSM_20004_C	1610	:CHRSM	Lb_coryniformis_DSM_20004_C
Lb_coryniformis_DSM_20004_S	1610	:CHRSM	Lb_coryniformis_DSM_20004_S
Lb_coryniformis_KCTC_3167_S	1610	:CHRSM	Lb_coryniformis_KCTC_3167_S
Lb_crispatus_125-2-CHN_S	47770	:CHRSM	Lb_crispatus_125-2-CHN_S
Lb_crispatus_1D_C	47770	:CHRSM	Lb_crispatus_1D_C
Lb_crispatus_AB70_C	47770	:CHRSM	Lb_crispatus_AB70_C
Lb_crispatus_ATCC_33820_S	47770	:CHRSM	Lb_crispatus_ATCC_33820_S
Lb_crispatus_B4_C	47770	:CHRSM	Lb_crispatus_B4_C
Lb_crispatus_C037_S	47770	:CHRSM	Lb_crispatus_C037_S
Lb_crispatus_C25_C	47770	:CHRSM	Lb_crispatus_C25_C
Lb_crispatus_CG-12_S	47770	:CHRSM	Lb_crispatus_CG-12_S
Lb_crispatus_CNRZ1924_P	47770	:CHRSM	Lb_crispatus_CNRZ1924_P
Lb_crispatus_CNRZ1925_P	47770	:CHRSM	Lb_crispatus_CNRZ1925_P
Lb_crispatus_CNRZ1926_P	47770	:CHRSM	Lb_crispatus_CNRZ1926_P
Lb_crispatus_CNRZ1927_P	47770	:CHRSM	Lb_crispatus_CNRZ1927_P
Lb_crispatus_CNRZ1993_P	47770	:CHRSM	Lb_crispatus_CNRZ1993_P
Lb_crispatus_CO3MRSI1_C	47770	:CHRSM	Lb_crispatus_CO3MRSI1_C
Lb_crispatus_CTV-05_S	47770	:CHRSM	Lb_crispatus_CTV-05_S
Lb_crispatus_DC21-1_C	47770	:CHRSM	Lb_crispatus_DC21-1_C
Lb_crispatus_DISK12_S	47770	:CHRSM	Lb_crispatus_DISK12_S
Lb_crispatus_DSM_20584_S	47770	:CHRSM	Lb_crispatus_DSM_20584_S
Lb_crispatus_DSM_29598_S	47770	:CHRSM	Lb_crispatus_DSM_29598_S
Lb_crispatus_FB049-03_S	47770	:CHRSM	Lb_crispatus_FB049-03_S
Lb_crispatus_FB077-07_S	47770	:CHRSM	Lb_crispatus_FB077-07_S
Lb_crispatus_FDAARGOS_743_C	47770	:CHRSM	Lb_crispatus_FDAARGOS_743_C
Lb_crispatus_JV-V01_S	47770	:CHRSM	Lb_crispatus_JV-V01_S
Lb_crispatus_MV-1A-US_S	47770	:CHRSM	Lb_crispatus_MV-1A-US_S
Lb_crispatus_MV-3A-US_S	47770	:CHRSM	Lb_crispatus_MV-3A-US_S
Lb_crispatus_NCK1351_S	47770	:CHRSM	Lb_crispatus_NCK1351_S
Lb_crispatus_PSS7772C_S	47770	:CHRSM	Lb_crispatus_PSS7772C_S
Lb_crispatus_RL02_S	47770	:CHRSM	Lb_crispatus_RL02_S
Lb_crispatus_RL05_S	47770	:CHRSM	Lb_crispatus_RL05_S
Lb_crispatus_RL09_S	47770	:CHRSM	Lb_crispatus_RL09_S
Lb_crispatus_RL10_S	47770	:CHRSM	Lb_crispatus_RL10_S
Lb_crispatus_RL11_S	47770	:CHRSM	Lb_crispatus_RL11_S
Lb_crispatus_RL14_S	47770	:CHRSM	Lb_crispatus_RL14_S
Lb_crispatus_RL15_S	47770	:CHRSM	Lb_crispatus_RL15_S
Lb_crispatus_RL19_S	47770	:CHRSM	Lb_crispatus_RL19_S
Lb_crispatus_RL20_S	47770	:CHRSM	Lb_crispatus_RL20_S
Lb_crispatus_RL21_S	47770	:CHRSM	Lb_crispatus_RL21_S
Lb_crispatus_RL24_S	47770	:CHRSM	Lb_crispatus_RL24_S
Lb_crispatus_RL25_S	47770	:CHRSM	Lb_crispatus_RL25_S
Lb_crispatus_RL26_S	47770	:CHRSM	Lb_crispatus_RL26_S
Lb_crispatus_RL27_S	47770	:CHRSM	Lb_crispatus_RL27_S
Lb_crispatus_RL28_S	47770	:CHRSM	Lb_crispatus_RL28_S
Lb_crispatus_SJ-3C-US_S	47770	:CHRSM	Lb_crispatus_SJ-3C-US_S
Lb_crispatus_UMB0040_S	47770	:CHRSM	Lb_crispatus_UMB0040_S
Lb_crispatus_UMB0044_S	47770	:CHRSM	Lb_crispatus_UMB0044_S
Lb_crispatus_UMB0054_S	47770	:CHRSM	Lb_crispatus_UMB0054_S
Lb_crispatus_UMB0085_S	47770	:CHRSM	Lb_crispatus_UMB0085_S
Lb_crispatus_UMB0803_S	47770	:CHRSM	Lb_crispatus_UMB0803_S
Lb_crispatus_UMB1398_S	47770	:CHRSM	Lb_crispatus_UMB1398_S
Lb_crispatus_UMNLC11_S	47770	:CHRSM	Lb_crispatus_UMNLC11_S
Lb_crispatus_UMNLC12_S	47770	:CHRSM	Lb_crispatus_UMNLC12_S
Lb_crispatus_UMNLC13_S	47770	:CHRSM	Lb_crispatus_UMNLC13_S
Lb_crispatus_UMNLC14_S	47770	:CHRSM	Lb_crispatus_UMNLC14_S
Lb_crispatus_UMNLC15_S	47770	:CHRSM	Lb_crispatus_UMNLC15_S
Lb_crispatus_UMNLC16_S	47770	:CHRSM	Lb_crispatus_UMNLC16_S
Lb_crispatus_UMNLC18_S	47770	:CHRSM	Lb_crispatus_UMNLC18_S
Lb_crispatus_UMNLC19_S	47770	:CHRSM	Lb_crispatus_UMNLC19_S
Lb_crispatus_UMNLC1_S	47770	:CHRSM	Lb_crispatus_UMNLC1_S
Lb_crispatus_UMNLC20_S	47770	:CHRSM	Lb_crispatus_UMNLC20_S
Lb_crispatus_UMNLC21_S	47770	:CHRSM	Lb_crispatus_UMNLC21_S
Lb_crispatus_UMNLC22_S	47770	:CHRSM	Lb_crispatus_UMNLC22_S
Lb_crispatus_UMNLC23_S	47770	:CHRSM	Lb_crispatus_UMNLC23_S
Lb_crispatus_UMNLC24_S	47770	:CHRSM	Lb_crispatus_UMNLC24_S
Lb_crispatus_UMNLC25_S	47770	:CHRSM	Lb_crispatus_UMNLC25_S
Lb_crispatus_UMNLC3_S	47770	:CHRSM	Lb_crispatus_UMNLC3_S
Lb_crispatus_UMNLC6_S	47770	:CHRSM	Lb_crispatus_UMNLC6_S
Lb_crispatus_UMNLC8_S	47770	:CHRSM	Lb_crispatus_UMNLC8_S
Lb_crispatus_VMC1_S	47770	:CHRSM	Lb_crispatus_VMC1_S
Lb_crispatus_VMC2_S	47770	:CHRSM	Lb_crispatus_VMC2_S
Lb_crispatus_VMC5_S	47770	:CHRSM	Lb_crispatus_VMC5_S
Lb_curvatus_CBA3617_C	28038	:CHRSM	Lb_curvatus_CBA3617_C
Lb_curvatus_CNRZ1335_P	28038	:CHRSM	Lb_curvatus_CNRZ1335_P
Lb_curvatus_CNRZ1336_P	28038	:CHRSM	Lb_curvatus_CNRZ1336_P
Lb_curvatus_CNRZ1883_P	28038	:CHRSM	Lb_curvatus_CNRZ1883_P
Lb_curvatus_DSM_20019_C	28038	:CHRSM	Lb_curvatus_DSM_20019_C
Lb_curvatus_DSM_20019_S	28038	:CHRSM	Lb_curvatus_DSM_20019_S
Lb_curvatus_FBA2_C	28038	:CHRSM	Lb_curvatus_FBA2_C
Lb_curvatus_IRG2_C	28038	:CHRSM	Lb_curvatus_IRG2_C
Lb_curvatus_KG6_C	28038	:CHRSM	Lb_curvatus_KG6_C
Lb_curvatus_MGYG-HGUT-00020_S	28038	:CHRSM	Lb_curvatus_MGYG-HGUT-00020_S
Lb_curvatus_MRS6_C	28038	:CHRSM	Lb_curvatus_MRS6_C
Lb_curvatus_RI-193_S	28038	:CHRSM	Lb_curvatus_RI-193_S
Lb_curvatus_RI-198_S	28038	:CHRSM	Lb_curvatus_RI-198_S
Lb_curvatus_SRCM103465_C	28038	:CHRSM	Lb_curvatus_SRCM103465_C
Lb_curvatus_TMW_1-1928_C	28038	:CHRSM	Lb_curvatus_TMW_1-1928_C
Lb_curvatus_VRA_2sq_f_S	28038	:CHRSM	Lb_curvatus_VRA_2sq_f_S
Lb_curvatus_VRA_2sq_n_S	28038	:CHRSM	Lb_curvatus_VRA_2sq_n_S
Lb_curvatus_WiKim38_C	28038	:CHRSM	Lb_curvatus_WiKim38_C
Lb_curvatus_WiKim52_C	28038	:CHRSM	Lb_curvatus_WiKim52_C
Lb_curvatus_ZJUNIT8_C	28038	:CHRSM	Lb_curvatus_ZJUNIT8_C
Lb_delbrueckii_2038_C	1584	:CHRSM	Lb_delbrueckii_2038_C
Lb_delbrueckii_ATCC_11842_C	1584	:CHRSM	Lb_delbrueckii_ATCC_11842_C
Lb_delbrueckii_CBC-LB69_S	1584	:CHRSM	Lb_delbrueckii_CBC-LB69_S
Lb_delbrueckii_CBC-LB8_S	1584	:CHRSM	Lb_delbrueckii_CBC-LB8_S
Lb_delbrueckii_CIP57-8_P	1584	:CHRSM	Lb_delbrueckii_CIP57-8_P
Lb_delbrueckii_CNRZ1059_P	1584	:CHRSM	Lb_delbrueckii_CNRZ1059_P
Lb_delbrueckii_CNRZ1144_P	1584	:CHRSM	Lb_delbrueckii_CNRZ1144_P
Lb_delbrueckii_CNRZ1158_P	1584	:CHRSM	Lb_delbrueckii_CNRZ1158_P
Lb_delbrueckii_CNRZ1182_P	1584	:CHRSM	Lb_delbrueckii_CNRZ1182_P
Lb_delbrueckii_CNRZ1184_P	1584	:CHRSM	Lb_delbrueckii_CNRZ1184_P
Lb_delbrueckii_CNRZ1187_P	1584	:CHRSM	Lb_delbrueckii_CNRZ1187_P
Lb_delbrueckii_CNRZ1190_P	1584	:CHRSM	Lb_delbrueckii_CNRZ1190_P
Lb_delbrueckii_CNRZ1196_P	1584	:CHRSM	Lb_delbrueckii_CNRZ1196_P
Lb_delbrueckii_CNRZ1320_P	1584	:CHRSM	Lb_delbrueckii_CNRZ1320_P
Lb_delbrueckii_CNRZ1445_P	1584	:CHRSM	Lb_delbrueckii_CNRZ1445_P
Lb_delbrueckii_CNRZ1493_P	1584	:CHRSM	Lb_delbrueckii_CNRZ1493_P
Lb_delbrueckii_CNRZ1825_P	1584	:CHRSM	Lb_delbrueckii_CNRZ1825_P
Lb_delbrueckii_CNRZ1829_P	1584	:CHRSM	Lb_delbrueckii_CNRZ1829_P
Lb_delbrueckii_CNRZ207_P	1584	:CHRSM	Lb_delbrueckii_CNRZ207_P
Lb_delbrueckii_CNRZ2081_P	1584	:CHRSM	Lb_delbrueckii_CNRZ2081_P
Lb_delbrueckii_CNRZ2203_P	1584	:CHRSM	Lb_delbrueckii_CNRZ2203_P
Lb_delbrueckii_CNRZ2226_P	1584	:CHRSM	Lb_delbrueckii_CNRZ2226_P
Lb_delbrueckii_CNRZ225_P	1584	:CHRSM	Lb_delbrueckii_CNRZ225_P
Lb_delbrueckii_CNRZ231_P	1584	:CHRSM	Lb_delbrueckii_CNRZ231_P
Lb_delbrueckii_CNRZ238_P	1584	:CHRSM	Lb_delbrueckii_CNRZ238_P
Lb_delbrueckii_CNRZ326_P	1584	:CHRSM	Lb_delbrueckii_CNRZ326_P
Lb_delbrueckii_CNRZ333_P	1584	:CHRSM	Lb_delbrueckii_CNRZ333_P
Lb_delbrueckii_CNRZ334_P	1584	:CHRSM	Lb_delbrueckii_CNRZ334_P
Lb_delbrueckii_CNRZ335_P	1584	:CHRSM	Lb_delbrueckii_CNRZ335_P
Lb_delbrueckii_CNRZ369_P	1584	:CHRSM	Lb_delbrueckii_CNRZ369_P
Lb_delbrueckii_CNRZ393_P	1584	:CHRSM	Lb_delbrueckii_CNRZ393_P
Lb_delbrueckii_CNRZ398_P	1584	:CHRSM	Lb_delbrueckii_CNRZ398_P
Lb_delbrueckii_CNRZ415_P	1584	:CHRSM	Lb_delbrueckii_CNRZ415_P
Lb_delbrueckii_CNRZ416_P	1584	:CHRSM	Lb_delbrueckii_CNRZ416_P
Lb_delbrueckii_CNRZ449_P	1584	:CHRSM	Lb_delbrueckii_CNRZ449_P
Lb_delbrueckii_CNRZ494_P	1584	:CHRSM	Lb_delbrueckii_CNRZ494_P
Lb_delbrueckii_CNRZ495_P	1584	:CHRSM	Lb_delbrueckii_CNRZ495_P
Lb_delbrueckii_CNRZ706_P	1584	:CHRSM	Lb_delbrueckii_CNRZ706_P
Lb_delbrueckii_CNRZ752_P	1584	:CHRSM	Lb_delbrueckii_CNRZ752_P
Lb_delbrueckii_CNRZ817_P	1584	:CHRSM	Lb_delbrueckii_CNRZ817_P
Lb_delbrueckii_CNRZ9_P	1584	:CHRSM	Lb_delbrueckii_CNRZ9_P
Lb_delbrueckii_CRL581_S	1584	:CHRSM	Lb_delbrueckii_CRL581_S
Lb_delbrueckii_DSM_20072_C	1584	:CHRSM	Lb_delbrueckii_DSM_20072_C
Lb_delbrueckii_DSM_20072_S	1584	:CHRSM	Lb_delbrueckii_DSM_20072_S
Lb_delbrueckii_DSM_20074_S	1584	:CHRSM	Lb_delbrueckii_DSM_20074_S
Lb_delbrueckii_DSM_20080_C	1584	:CHRSM	Lb_delbrueckii_DSM_20080_C
Lb_delbrueckii_DSM_26046_S	1584	:CHRSM	Lb_delbrueckii_DSM_26046_S
Lb_delbrueckii_FAM_21784_S	1584	:CHRSM	Lb_delbrueckii_FAM_21784_S
Lb_delbrueckii_JCM_15610_C	1584	:CHRSM	Lb_delbrueckii_JCM_15610_C
Lb_delbrueckii_JCM_17838_C	1584	:CHRSM	Lb_delbrueckii_JCM_17838_C
Lb_delbrueckii_KCCM_34717_C	1584	:CHRSM	Lb_delbrueckii_KCCM_34717_C
Lb_delbrueckii_KCTC_13731_C	1584	:CHRSM	Lb_delbrueckii_KCTC_13731_C
Lb_delbrueckii_KCTC_3035_C	1584	:CHRSM	Lb_delbrueckii_KCTC_3035_C
Lb_delbrueckii_KLDS1-0207_C	1584	:CHRSM	Lb_delbrueckii_KLDS1-0207_C
Lb_delbrueckii_KW14_3_S	1584	:CHRSM	Lb_delbrueckii_KW14_3_S
Lb_delbrueckii_L99_C	1584	:CHRSM	Lb_delbrueckii_L99_C
Lb_delbrueckii_LJJ_C	1584	:CHRSM	Lb_delbrueckii_LJJ_C
Lb_delbrueckii_Lb1-GS-1_S	1584	:CHRSM	Lb_delbrueckii_Lb1-GS-1_S
Lb_delbrueckii_Lactobacillus_bulgaricus_ACA-DC_87_C	1584	:CHRSM	Lb_delbrueckii_Lactobacillus_bulgaricus_ACA-DC_87_C
Lb_delbrueckii_MBT_92059_S	1584	:CHRSM	Lb_delbrueckii_MBT_92059_S
Lb_delbrueckii_MGYG-HGUT-01369_S	1584	:CHRSM	Lb_delbrueckii_MGYG-HGUT-01369_S
Lb_delbrueckii_NBRC_3202_C	1584	:CHRSM	Lb_delbrueckii_NBRC_3202_C
Lb_delbrueckii_ND04_C	1584	:CHRSM	Lb_delbrueckii_ND04_C
Lb_delbrueckii_P3MRA_C	1584	:CHRSM	Lb_delbrueckii_P3MRA_C
Lb_delbrueckii_TS1-06_C	1584	:CHRSM	Lb_delbrueckii_TS1-06_C
Lb_delbrueckii_TUA4408L_C	1584	:CHRSM	Lb_delbrueckii_TUA4408L_C
Lb_delbrueckii_UBLB01_S	1584	:CHRSM	Lb_delbrueckii_UBLB01_S
Lb_delbrueckii_YNF-5_S	1584	:CHRSM	Lb_delbrueckii_YNF-5_S
Lb_diolivorans_DSM_14421_S	179838	:CHRSM	Lb_diolivorans_DSM_14421_S
Lb_fermentum_28-3-CHN_S	1613	:CHRSM	Lb_fermentum_28-3-CHN_S
Lb_fermentum_3872_C	1613	:CHRSM	Lb_fermentum_3872_C
Lb_fermentum_ATCC_14931_S	1613	:CHRSM	Lb_fermentum_ATCC_14931_S
Lb_fermentum_AVOINE11_P	1613	:CHRSM	Lb_fermentum_AVOINE11_P
Lb_fermentum_CECT_5716_S	1613	:CHRSM	Lb_fermentum_CECT_5716_S
Lb_fermentum_CNRZ1373_P	1613	:CHRSM	Lb_fermentum_CNRZ1373_P
Lb_fermentum_CNRZ1609_P	1613	:CHRSM	Lb_fermentum_CNRZ1609_P
Lb_fermentum_CNRZ1622_P	1613	:CHRSM	Lb_fermentum_CNRZ1622_P
Lb_fermentum_CNRZ1623_P	1613	:CHRSM	Lb_fermentum_CNRZ1623_P
Lb_fermentum_CNRZ1626_P	1613	:CHRSM	Lb_fermentum_CNRZ1626_P
Lb_fermentum_CNRZ1627_P	1613	:CHRSM	Lb_fermentum_CNRZ1627_P
Lb_fermentum_CNRZ1635_P	1613	:CHRSM	Lb_fermentum_CNRZ1635_P
Lb_fermentum_CNRZ1638_P	1613	:CHRSM	Lb_fermentum_CNRZ1638_P
Lb_fermentum_CNRZ1653_P	1613	:CHRSM	Lb_fermentum_CNRZ1653_P
Lb_fermentum_CNRZ1656_P	1613	:CHRSM	Lb_fermentum_CNRZ1656_P
Lb_fermentum_CNRZ17_P	1613	:CHRSM	Lb_fermentum_CNRZ17_P
Lb_fermentum_CNRZ1982_P	1613	:CHRSM	Lb_fermentum_CNRZ1982_P
Lb_fermentum_CNRZ206_P	1613	:CHRSM	Lb_fermentum_CNRZ206_P
Lb_fermentum_CNRZ213_P	1613	:CHRSM	Lb_fermentum_CNRZ213_P
Lb_fermentum_CNRZ233_P	1613	:CHRSM	Lb_fermentum_CNRZ233_P
Lb_fermentum_CNRZ64_P	1613	:CHRSM	Lb_fermentum_CNRZ64_P
Lb_fermentum_F-6_C	1613	:CHRSM	Lb_fermentum_F-6_C
Lb_fermentum_FTDC8312_S	1613	:CHRSM	Lb_fermentum_FTDC8312_S
Lb_fermentum_IFO_3956_C	1613	:CHRSM	Lb_fermentum_IFO_3956_C
Lb_fermentum_NB-22_S	1613	:CHRSM	Lb_fermentum_NB-22_S
Lb_gallinarum_DSM_10532_S	5242	:CHRSM	Lb_gallinarum_DSM_10532_S
Lb_gallinarum_HFD4_C	5242	:CHRSM	Lb_gallinarum_HFD4_C
Lb_gasseri_1001175B_160314_D8_S	1596	:CHRSM	Lb_gasseri_1001175B_160314_D8_S
Lb_gasseri_1001175st1_D8_S	1596	:CHRSM	Lb_gasseri_1001175st1_D8_S
Lb_gasseri_1001285H_161024_C10_S	1596	:CHRSM	Lb_gasseri_1001285H_161024_C10_S
Lb_gasseri_497_LGAS_S	1596	:CHRSM	Lb_gasseri_497_LGAS_S
Lb_gasseri_4M13_C	1596	:CHRSM	Lb_gasseri_4M13_C
Lb_gasseri_770_LJOH_S	1596	:CHRSM	Lb_gasseri_770_LJOH_S
Lb_gasseri_AL3_S	1596	:CHRSM	Lb_gasseri_AL3_S
Lb_gasseri_AL5_S	1596	:CHRSM	Lb_gasseri_AL5_S
Lb_gasseri_ATCC_33323_C	1596	:CHRSM	Lb_gasseri_ATCC_33323_C
Lb_gasseri_DSM_14869_C	1596	:CHRSM	Lb_gasseri_DSM_14869_C
Lb_gasseri_EJL_C	1596	:CHRSM	Lb_gasseri_EJL_C
Lb_gasseri_MGYG-HGUT-02387_C	1596	:CHRSM	Lb_gasseri_MGYG-HGUT-02387_C
Lb_gasseri_MGYG-HGUT-03690_S	1596	:CHRSM	Lb_gasseri_MGYG-HGUT-03690_S
Lb_gasseri_MV-22_S	1596	:CHRSM	Lb_gasseri_MV-22_S
Lb_gasseri_PSS7772D_S	1596	:CHRSM	Lb_gasseri_PSS7772D_S
Lb_gasseri_SJ-9E-US_S	1596	:CHRSM	Lb_gasseri_SJ-9E-US_S
Lb_gasseri_SV-16A-US_S	1596	:CHRSM	Lb_gasseri_SV-16A-US_S
Lb_gasseri_TF08-1_S	1596	:CHRSM	Lb_gasseri_TF08-1_S
Lb_gasseri_UMB0607_S	1596	:CHRSM	Lb_gasseri_UMB0607_S
Lb_gasseri_UMB0670_S	1596	:CHRSM	Lb_gasseri_UMB0670_S
Lb_gasseri_UMB3077_S	1596	:CHRSM	Lb_gasseri_UMB3077_S
Lb_helveticus_ATCC_12046_S	1587	:CHRSM	Lb_helveticus_ATCC_12046_S
Lb_helveticus_CAUH18_C	1587	:CHRSM	Lb_helveticus_CAUH18_C
Lb_helveticus_CGMCC_1-1877_S	1587	:CHRSM	Lb_helveticus_CGMCC_1-1877_S
Lb_helveticus_CIRM-BIA_103_S	1587	:CHRSM	Lb_helveticus_CIRM-BIA_103_S
Lb_helveticus_CIRM-BIA_104_S	1587	:CHRSM	Lb_helveticus_CIRM-BIA_104_S
Lb_helveticus_CIRM-BIA_951_S	1587	:CHRSM	Lb_helveticus_CIRM-BIA_951_S
Lb_helveticus_CNRZ1094_P	1587	:CHRSM	Lb_helveticus_CNRZ1094_P
Lb_helveticus_CNRZ1095_P	1587	:CHRSM	Lb_helveticus_CNRZ1095_P
Lb_helveticus_CNRZ1102_P	1587	:CHRSM	Lb_helveticus_CNRZ1102_P
Lb_helveticus_CNRZ1117_P	1587	:CHRSM	Lb_helveticus_CNRZ1117_P
Lb_helveticus_CNRZ1148_P	1587	:CHRSM	Lb_helveticus_CNRZ1148_P
Lb_helveticus_CNRZ1317_P	1587	:CHRSM	Lb_helveticus_CNRZ1317_P
Lb_helveticus_CNRZ223_P	1587	:CHRSM	Lb_helveticus_CNRZ223_P
Lb_helveticus_CNRZ241_P	1587	:CHRSM	Lb_helveticus_CNRZ241_P
Lb_helveticus_CNRZ328_P	1587	:CHRSM	Lb_helveticus_CNRZ328_P
Lb_helveticus_CNRZ32LRTL_P	1587	:CHRSM	Lb_helveticus_CNRZ32LRTL_P
Lb_helveticus_CNRZ32_C	1587	:CHRSM	Lb_helveticus_CNRZ32_C
Lb_helveticus_CNRZ414TL_P	1587	:CHRSM	Lb_helveticus_CNRZ414TL_P
Lb_helveticus_CNRZ414_P	1587	:CHRSM	Lb_helveticus_CNRZ414_P
Lb_helveticus_CNRZ450_P	1587	:CHRSM	Lb_helveticus_CNRZ450_P
Lb_helveticus_CNRZ67_P	1587	:CHRSM	Lb_helveticus_CNRZ67_P
Lb_helveticus_CNRZ762_P	1587	:CHRSM	Lb_helveticus_CNRZ762_P
Lb_helveticus_CNRZ830_P	1587	:CHRSM	Lb_helveticus_CNRZ830_P
Lb_helveticus_CNRZ834_P	1587	:CHRSM	Lb_helveticus_CNRZ834_P
Lb_helveticus_CP615LRTL_P	1587	:CHRSM	Lb_helveticus_CP615LRTL_P
Lb_helveticus_D76_C	1587	:CHRSM	Lb_helveticus_D76_C
Lb_helveticus_DLBSA201_S	1587	:CHRSM	Lb_helveticus_DLBSA201_S
Lb_helveticus_DLBSA202_S	1587	:CHRSM	Lb_helveticus_DLBSA202_S
Lb_helveticus_DPC_4571_C	1587	:CHRSM	Lb_helveticus_DPC_4571_C
Lb_helveticus_DSM_20075_S	1587	:CHRSM	Lb_helveticus_DSM_20075_S
Lb_helveticus_FAM13019_S	1587	:CHRSM	Lb_helveticus_FAM13019_S
Lb_helveticus_FAM1450_S	1587	:CHRSM	Lb_helveticus_FAM1450_S
Lb_helveticus_FAM19188_S	1587	:CHRSM	Lb_helveticus_FAM19188_S
Lb_helveticus_FAM21493_S	1587	:CHRSM	Lb_helveticus_FAM21493_S
Lb_helveticus_FAM22076_S	1587	:CHRSM	Lb_helveticus_FAM22076_S
Lb_helveticus_FAM22155_C	1587	:CHRSM	Lb_helveticus_FAM22155_C
Lb_helveticus_FAM23285_S	1587	:CHRSM	Lb_helveticus_FAM23285_S
Lb_helveticus_FAM8105_C	1587	:CHRSM	Lb_helveticus_FAM8105_C
Lb_helveticus_FAM8106_S	1587	:CHRSM	Lb_helveticus_FAM8106_S
Lb_helveticus_FAM8627_C	1587	:CHRSM	Lb_helveticus_FAM8627_C
Lb_helveticus_H10_C	1587	:CHRSM	Lb_helveticus_H10_C
Lb_helveticus_H9_C	1587	:CHRSM	Lb_helveticus_H9_C
Lb_helveticus_IDCC3801_C	1587	:CHRSM	Lb_helveticus_IDCC3801_C
Lb_helveticus_IMAU10029_S	1587	:CHRSM	Lb_helveticus_IMAU10029_S
Lb_helveticus_IMAU10031_S	1587	:CHRSM	Lb_helveticus_IMAU10031_S
Lb_helveticus_IMAU10033_S	1587	:CHRSM	Lb_helveticus_IMAU10033_S
Lb_helveticus_IMAU10049_S	1587	:CHRSM	Lb_helveticus_IMAU10049_S
Lb_helveticus_IMAU10142_S	1587	:CHRSM	Lb_helveticus_IMAU10142_S
Lb_helveticus_IMAU10149_S	1587	:CHRSM	Lb_helveticus_IMAU10149_S
Lb_helveticus_IMAU20035_S	1587	:CHRSM	Lb_helveticus_IMAU20035_S
Lb_helveticus_IMAU20062_S	1587	:CHRSM	Lb_helveticus_IMAU20062_S
Lb_helveticus_IMAU20067_S	1587	:CHRSM	Lb_helveticus_IMAU20067_S
Lb_helveticus_IMAU20078_S	1587	:CHRSM	Lb_helveticus_IMAU20078_S
Lb_helveticus_IMAU30002_S	1587	:CHRSM	Lb_helveticus_IMAU30002_S
Lb_helveticus_IMAU30003_S	1587	:CHRSM	Lb_helveticus_IMAU30003_S
Lb_helveticus_IMAU30005_S	1587	:CHRSM	Lb_helveticus_IMAU30005_S
Lb_helveticus_IMAU30014_S	1587	:CHRSM	Lb_helveticus_IMAU30014_S
Lb_helveticus_IMAU30023_S	1587	:CHRSM	Lb_helveticus_IMAU30023_S
Lb_helveticus_IMAU30025_S	1587	:CHRSM	Lb_helveticus_IMAU30025_S
Lb_helveticus_IMAU30028_S	1587	:CHRSM	Lb_helveticus_IMAU30028_S
Lb_helveticus_IMAU30034_S	1587	:CHRSM	Lb_helveticus_IMAU30034_S
Lb_helveticus_IMAU30035_S	1587	:CHRSM	Lb_helveticus_IMAU30035_S
Lb_helveticus_IMAU30038_S	1587	:CHRSM	Lb_helveticus_IMAU30038_S
Lb_helveticus_IMAU30040_S	1587	:CHRSM	Lb_helveticus_IMAU30040_S
Lb_helveticus_IMAU30044_S	1587	:CHRSM	Lb_helveticus_IMAU30044_S
Lb_helveticus_IMAU30046_S	1587	:CHRSM	Lb_helveticus_IMAU30046_S
Lb_helveticus_IMAU30049_S	1587	:CHRSM	Lb_helveticus_IMAU30049_S
Lb_helveticus_IMAU30056_S	1587	:CHRSM	Lb_helveticus_IMAU30056_S
Lb_helveticus_IMAU30077_S	1587	:CHRSM	Lb_helveticus_IMAU30077_S
Lb_helveticus_IMAU30078_S	1587	:CHRSM	Lb_helveticus_IMAU30078_S
Lb_helveticus_IMAU30094_S	1587	:CHRSM	Lb_helveticus_IMAU30094_S
Lb_helveticus_IMAU30109_S	1587	:CHRSM	Lb_helveticus_IMAU30109_S
Lb_helveticus_IMAU30115_S	1587	:CHRSM	Lb_helveticus_IMAU30115_S
Lb_helveticus_IMAU30120_S	1587	:CHRSM	Lb_helveticus_IMAU30120_S
Lb_helveticus_IMAU30132_S	1587	:CHRSM	Lb_helveticus_IMAU30132_S
Lb_helveticus_IMAU30143_S	1587	:CHRSM	Lb_helveticus_IMAU30143_S
Lb_helveticus_IMAU30156_S	1587	:CHRSM	Lb_helveticus_IMAU30156_S
Lb_helveticus_IMAU40088_S	1587	:CHRSM	Lb_helveticus_IMAU40088_S
Lb_helveticus_IMAU40093_S	1587	:CHRSM	Lb_helveticus_IMAU40093_S
Lb_helveticus_IMAU50011_S	1587	:CHRSM	Lb_helveticus_IMAU50011_S
Lb_helveticus_IMAU50013_S	1587	:CHRSM	Lb_helveticus_IMAU50013_S
Lb_helveticus_IMAU50019_S	1587	:CHRSM	Lb_helveticus_IMAU50019_S
Lb_helveticus_IMAU50022_S	1587	:CHRSM	Lb_helveticus_IMAU50022_S
Lb_helveticus_IMAU50024_S	1587	:CHRSM	Lb_helveticus_IMAU50024_S
Lb_helveticus_IMAU50064_S	1587	:CHRSM	Lb_helveticus_IMAU50064_S
Lb_helveticus_IMAU50079_S	1587	:CHRSM	Lb_helveticus_IMAU50079_S
Lb_helveticus_IMAU50091_S	1587	:CHRSM	Lb_helveticus_IMAU50091_S
Lb_helveticus_IMAU50151_S	1587	:CHRSM	Lb_helveticus_IMAU50151_S
Lb_helveticus_IMAU60066_S	1587	:CHRSM	Lb_helveticus_IMAU60066_S
Lb_helveticus_IMAU60117_S	1587	:CHRSM	Lb_helveticus_IMAU60117_S
Lb_helveticus_IMAU60201_S	1587	:CHRSM	Lb_helveticus_IMAU60201_S
Lb_helveticus_IMAU60204_S	1587	:CHRSM	Lb_helveticus_IMAU60204_S
Lb_helveticus_IMAU60206_S	1587	:CHRSM	Lb_helveticus_IMAU60206_S
Lb_helveticus_IMAU60208_S	1587	:CHRSM	Lb_helveticus_IMAU60208_S
Lb_helveticus_IMAU60210_S	1587	:CHRSM	Lb_helveticus_IMAU60210_S
Lb_helveticus_IMAU60211_S	1587	:CHRSM	Lb_helveticus_IMAU60211_S
Lb_helveticus_IMAU60212_S	1587	:CHRSM	Lb_helveticus_IMAU60212_S
Lb_helveticus_IMAU60227_S	1587	:CHRSM	Lb_helveticus_IMAU60227_S
Lb_helveticus_IMAU70168_S	1587	:CHRSM	Lb_helveticus_IMAU70168_S
Lb_helveticus_IMAU80622_S	1587	:CHRSM	Lb_helveticus_IMAU80622_S
Lb_helveticus_IMAU80627_S	1587	:CHRSM	Lb_helveticus_IMAU80627_S
Lb_helveticus_IMAU80668_S	1587	:CHRSM	Lb_helveticus_IMAU80668_S
Lb_helveticus_IMAU80756_S	1587	:CHRSM	Lb_helveticus_IMAU80756_S
Lb_helveticus_KLDS1-8701_C	1587	:CHRSM	Lb_helveticus_KLDS1-8701_C
Lb_helveticus_LH5_C	1587	:CHRSM	Lb_helveticus_LH5_C
Lb_helveticus_LH99_C	1587	:CHRSM	Lb_helveticus_LH99_C
Lb_helveticus_LZ-R-5_C	1587	:CHRSM	Lb_helveticus_LZ-R-5_C
Lb_helveticus_M92_S	1587	:CHRSM	Lb_helveticus_M92_S
Lb_helveticus_MB2-1_C	1587	:CHRSM	Lb_helveticus_MB2-1_C
Lb_helveticus_MGYG-HGUT-02384_C	1587	:CHRSM	Lb_helveticus_MGYG-HGUT-02384_C
Lb_helveticus_UC1035_S	1587	:CHRSM	Lb_helveticus_UC1035_S
Lb_helveticus_UC1267_S	1587	:CHRSM	Lb_helveticus_UC1267_S
Lb_helveticus_UC1285_S	1587	:CHRSM	Lb_helveticus_UC1285_S
Lb_hilgardii_ATCC_8290_S	1588	:CHRSM	Lb_hilgardii_ATCC_8290_S
Lb_hilgardii_DSM_20176_S	1588	:CHRSM	Lb_hilgardii_DSM_20176_S
Lb_hilgardii_FLUB_C	1588	:CHRSM	Lb_hilgardii_FLUB_C
Lb_hilgardii_LH500_C	1588	:CHRSM	Lb_hilgardii_LH500_C
Lb_hilgardii_LMG_07934_C	1588	:CHRSM	Lb_hilgardii_LMG_07934_C
Lb_hilgardii_MGYG-HGUT-01333_S	1588	:CHRSM	Lb_hilgardii_MGYG-HGUT-01333_S
Lb_hilgardii_SPR1-16-13_P	1588	:CHRSM	Lb_hilgardii_SPR1-16-13_P
Lb_hilgardii_V1-6-15_P	1588	:CHRSM	Lb_hilgardii_V1-6-15_P
Lb_hilgardii_V3-2-23_P	1588	:CHRSM	Lb_hilgardii_V3-2-23_P
Lb_johnsonii_117a_S	33959	:CHRSM	Lb_johnsonii_117a_S
Lb_johnsonii_117c_S	33959	:CHRSM	Lb_johnsonii_117c_S
Lb_johnsonii_117d_S	33959	:CHRSM	Lb_johnsonii_117d_S
Lb_johnsonii_117k_S	33959	:CHRSM	Lb_johnsonii_117k_S
Lb_johnsonii_117q_S	33959	:CHRSM	Lb_johnsonii_117q_S
Lb_johnsonii_117x_S	33959	:CHRSM	Lb_johnsonii_117x_S
Lb_johnsonii_3DG_C	33959	:CHRSM	Lb_johnsonii_3DG_C
Lb_johnsonii_ATCC_33200_S	33959	:CHRSM	Lb_johnsonii_ATCC_33200_S
Lb_johnsonii_BS15_C	33959	:CHRSM	Lb_johnsonii_BS15_C
Lb_johnsonii_BSD2780061687_150420_B4_S	33959	:CHRSM	Lb_johnsonii_BSD2780061687_150420_B4_S
Lb_johnsonii_Byun-jo-01_C	33959	:CHRSM	Lb_johnsonii_Byun-jo-01_C
Lb_johnsonii_DC22-2_C	33959	:CHRSM	Lb_johnsonii_DC22-2_C
Lb_johnsonii_DPC_6026_C	33959	:CHRSM	Lb_johnsonii_DPC_6026_C
Lb_johnsonii_FI9785_C	33959	:CHRSM	Lb_johnsonii_FI9785_C
Lb_johnsonii_G2A_C	33959	:CHRSM	Lb_johnsonii_G2A_C
Lb_johnsonii_IDCC9203_C	33959	:CHRSM	Lb_johnsonii_IDCC9203_C
Lb_johnsonii_MGYG-HGUT-00008_S	33959	:CHRSM	Lb_johnsonii_MGYG-HGUT-00008_S
Lb_johnsonii_N6-2_C	33959	:CHRSM	Lb_johnsonii_N6-2_C
Lb_johnsonii_NCC_533_C	33959	:CHRSM	Lb_johnsonii_NCC_533_C
Lb_johnsonii_NCK2677_C	33959	:CHRSM	Lb_johnsonii_NCK2677_C
Lb_johnsonii_Q1-7_S	33959	:CHRSM	Lb_johnsonii_Q1-7_S
Lb_johnsonii_UMNLJ21_C	33959	:CHRSM	Lb_johnsonii_UMNLJ21_C
Lb_johnsonii_UMNLJ22_C	33959	:CHRSM	Lb_johnsonii_UMNLJ22_C
Lb_johnsonii_UMNLJ54_S	33959	:CHRSM	Lb_johnsonii_UMNLJ54_S
Lb_johnsonii_ZLJ010_C	33959	:CHRSM	Lb_johnsonii_ZLJ010_C
Lb_johnsonii_CNRZ1897_P	33959	:CHRSM	Lb_johnsonii_CNRZ1897_P
Lb_johnsonii_CNRZ1935_P	33959	:CHRSM	Lb_johnsonii_CNRZ1935_P
Lb_johnsonii_CNRZ1936_P	33959	:CHRSM	Lb_johnsonii_CNRZ1936_P
Lb_johnsonii_CNRZ1937_P	33959	:CHRSM	Lb_johnsonii_CNRZ1937_P
Lb_johnsonii_CNRZ1938_P	33959	:CHRSM	Lb_johnsonii_CNRZ1938_P
Lb_johnsonii_CNRZ1939_P	33959	:CHRSM	Lb_johnsonii_CNRZ1939_P
Lb_johnsonii_CNRZ1940_P	33959	:CHRSM	Lb_johnsonii_CNRZ1940_P
Lb_johnsonii_CNRZ1941_P	33959	:CHRSM	Lb_johnsonii_CNRZ1941_P
Lb_johnsonii_CNRZ217_P	33959	:CHRSM	Lb_johnsonii_CNRZ217_P
Lb_johnsonii_CNRZ218_P	33959	:CHRSM	Lb_johnsonii_CNRZ218_P
Lb_johnsonii_CNRZ251_P	33959	:CHRSM	Lb_johnsonii_CNRZ251_P
Lb_johnsonii_CNRZ462_P	33959	:CHRSM	Lb_johnsonii_CNRZ462_P
Lb_kefiranofaciens_ATCC_43761_S	267818	:CHRSM	Lb_kefiranofaciens_ATCC_43761_S
Lb_kefiranofaciens_DSM_10550_S	267818	:CHRSM	Lb_kefiranofaciens_DSM_10550_S
Lb_kefiranofaciens_DSM_5016_S	267818	:CHRSM	Lb_kefiranofaciens_DSM_5016_S
Lb_kefiranofaciens_LKK75_C	267818	:CHRSM	Lb_kefiranofaciens_LKK75_C
Lb_kefiranofaciens_ZW3_C	267818	:CHRSM	Lb_kefiranofaciens_ZW3_C
Lb_kefiri_DH5_C	33962	:CHRSM	Lb_kefiri_DH5_C
Lb_kefiri_DSM_20587_S	33962	:CHRSM	Lb_kefiri_DSM_20587_S
Lb_kefiri_MGYG-HGUT-02472_S	33962	:CHRSM	Lb_kefiri_MGYG-HGUT-02472_S
Lb_kefiri_SGL_13_S	33962	:CHRSM	Lb_kefiri_SGL_13_S
Lb_mucosae_A1_C	428884002	:CHRSM	Lb_mucosae_A1_C
Lb_mucosae_KHPX11_S	428884002	:CHRSM	Lb_mucosae_KHPX11_S
Lb_mucosae_L24-B_S	428884002	:CHRSM	Lb_mucosae_L24-B_S
Lb_mucosae_KHPC15_S	428884002	:CHRSM	Lb_mucosae_KHPC15_S
Lb_mucosae_LM1_C	428884002	:CHRSM	Lb_mucosae_LM1_C
Lb_paracasei_8700-2_C	1597	:CHRSM	Lb_paracasei_8700-2_C
Lb_paracasei_AO356_C	1597	:CHRSM	Lb_paracasei_AO356_C
Lb_paracasei_ATCC_25302_S	1597	:CHRSM	Lb_paracasei_ATCC_25302_S
Lb_paracasei_ATCC_334_C	1597	:CHRSM	Lb_paracasei_ATCC_334_C
Lb_paracasei_CNRZ1007_P	1597	:CHRSM	Lb_paracasei_CNRZ1007_P
Lb_paracasei_CNRZ1226_P	1597	:CHRSM	Lb_paracasei_CNRZ1226_P
Lb_paracasei_CNRZ1309_P	1597	:CHRSM	Lb_paracasei_CNRZ1309_P
Lb_paracasei_CNRZ1645_P	1597	:CHRSM	Lb_paracasei_CNRZ1645_P
Lb_paracasei_CNRZ1647_P	1597	:CHRSM	Lb_paracasei_CNRZ1647_P
Lb_paracasei_CNRZ1854_P	1597	:CHRSM	Lb_paracasei_CNRZ1854_P
Lb_paracasei_CNRZ1875_P	1597	:CHRSM	Lb_paracasei_CNRZ1875_P
Lb_paracasei_CNRZ1894_P	1597	:CHRSM	Lb_paracasei_CNRZ1894_P
Lb_paracasei_CNRZ1976_P	1597	:CHRSM	Lb_paracasei_CNRZ1976_P
Lb_paracasei_CNRZ1980_P	1597	:CHRSM	Lb_paracasei_CNRZ1980_P
Lb_paracasei_CNRZ2079_P	1597	:CHRSM	Lb_paracasei_CNRZ2079_P
Lb_paracasei_CNRZ2242_P	1597	:CHRSM	Lb_paracasei_CNRZ2242_P
Lb_paracasei_CNRZ318_P	1597	:CHRSM	Lb_paracasei_CNRZ318_P
Lb_paracasei_CNRZ320_P	1597	:CHRSM	Lb_paracasei_CNRZ320_P
Lb_paracasei_CNRZ383_P	1597	:CHRSM	Lb_paracasei_CNRZ383_P
Lb_paracasei_CNRZ743_P	1597	:CHRSM	Lb_paracasei_CNRZ743_P
Lb_paracasei_DSM_20258_S	1597	:CHRSM	Lb_paracasei_DSM_20258_S
Lb_paracasei_IBB3423_C	1597	:CHRSM	Lb_paracasei_IBB3423_C
Lb_paracasei_JCM_8130_C	1597	:CHRSM	Lb_paracasei_JCM_8130_C
Lb_paracasei_KMB_598_S	1597	:CHRSM	Lb_paracasei_KMB_598_S
Lb_paracasei_LB19P1_P	1597	:CHRSM	Lb_paracasei_LB19P1_P
Lb_paracasei_LB21A1_P	1597	:CHRSM	Lb_paracasei_LB21A1_P
Lb_paracasei_MGB0245_C	1597	:CHRSM	Lb_paracasei_MGB0245_C
Lb_paracasei_MGB0625_C	1597	:CHRSM	Lb_paracasei_MGB0625_C
Lb_paracasei_MGB0734_C	1597	:CHRSM	Lb_paracasei_MGB0734_C
Lb_paracasei_MGB0747_C	1597	:CHRSM	Lb_paracasei_MGB0747_C
Lb_paracasei_MGB0761_C	1597	:CHRSM	Lb_paracasei_MGB0761_C
Lb_paracasei_N1115_C	1597	:CHRSM	Lb_paracasei_N1115_C
Lb_paracasei_NTU_101_S	1597	:CHRSM	Lb_paracasei_NTU_101_S
Lb_paracasei_S1-SL_P	1597	:CHRSM	Lb_paracasei_S1-SL_P
Lb_paracasei_TMW_1-1434_C	1597	:CHRSM	Lb_paracasei_TMW_1-1434_C
Lb_paracasei_ZY-1_C	1597	:CHRSM	Lb_paracasei_ZY-1_C
Lb_pentosus_ATCC_8041_S	1589	:CHRSM	Lb_pentosus_ATCC_8041_S
Lb_pentosus_BGM48_C	1589	:CHRSM	Lb_pentosus_BGM48_C
Lb_pentosus_CNRZ1218_P	1589	:CHRSM	Lb_pentosus_CNRZ1218_P
Lb_pentosus_CNRZ1539_P	1589	:CHRSM	Lb_pentosus_CNRZ1539_P
Lb_pentosus_CNRZ1552_P	1589	:CHRSM	Lb_pentosus_CNRZ1552_P
Lb_pentosus_CNRZ1554_P	1589	:CHRSM	Lb_pentosus_CNRZ1554_P
Lb_pentosus_CNRZ1858_P	1589	:CHRSM	Lb_pentosus_CNRZ1858_P
Lb_pentosus_CNRZ1861_P	1589	:CHRSM	Lb_pentosus_CNRZ1861_P
Lb_pentosus_CNRZ1862_P	1589	:CHRSM	Lb_pentosus_CNRZ1862_P
Lb_pentosus_CNRZ1863_P	1589	:CHRSM	Lb_pentosus_CNRZ1863_P
Lb_pentosus_CNRZ1864_P	1589	:CHRSM	Lb_pentosus_CNRZ1864_P
Lb_pentosus_CNRZ1866_P	1589	:CHRSM	Lb_pentosus_CNRZ1866_P
Lb_pentosus_CNRZ1867_P	1589	:CHRSM	Lb_pentosus_CNRZ1867_P
Lb_pentosus_CNRZ2252_P	1589	:CHRSM	Lb_pentosus_CNRZ2252_P
Lb_pentosus_DSM_20314_C	1589	:CHRSM	Lb_pentosus_DSM_20314_C
Lb_pentosus_DSM_20314_S	1589	:CHRSM	Lb_pentosus_DSM_20314_S
Lb_pentosus_FL0421_S	1589	:CHRSM	Lb_pentosus_FL0421_S
Lb_pentosus_IG10_S	1589	:CHRSM	Lb_pentosus_IG10_S
Lb_pentosus_IG11_S	1589	:CHRSM	Lb_pentosus_IG11_S
Lb_pentosus_IG12_S	1589	:CHRSM	Lb_pentosus_IG12_S
Lb_pentosus_IG2_S	1589	:CHRSM	Lb_pentosus_IG2_S
Lb_pentosus_IG3_S	1589	:CHRSM	Lb_pentosus_IG3_S
Lb_pentosus_IG4_S	1589	:CHRSM	Lb_pentosus_IG4_S
Lb_pentosus_IG5_S	1589	:CHRSM	Lb_pentosus_IG5_S
Lb_pentosus_IG6_S	1589	:CHRSM	Lb_pentosus_IG6_S
Lb_pentosus_IG7_S	1589	:CHRSM	Lb_pentosus_IG7_S
Lb_pentosus_IG8_S	1589	:CHRSM	Lb_pentosus_IG8_S
Lb_pentosus_IG9_S	1589	:CHRSM	Lb_pentosus_IG9_S
Lb_pentosus_S1-16-32_P	1589	:CHRSM	Lb_pentosus_S1-16-32_P
Lb_pentosus_S3-2-22_P	1589	:CHRSM	Lb_pentosus_S3-2-22_P
Lb_pentosus_S4-2-29_P	1589	:CHRSM	Lb_pentosus_S4-2-29_P
Lb_pentosus_SLC13_C	1589	:CHRSM	Lb_pentosus_SLC13_C
Lb_pentosus_SPR1-2-28_P	1589	:CHRSM	Lb_pentosus_SPR1-2-28_P
Lb_pentosus_V1-32-161_P	1589	:CHRSM	Lb_pentosus_V1-32-161_P
Lb_pentosus_V2-2-25_P	1589	:CHRSM	Lb_pentosus_V2-2-25_P
Lb_pentosus_V5-2-28_P	1589	:CHRSM	Lb_pentosus_V5-2-28_P
Lb_pentosus_ZFM222_C	1589	:CHRSM	Lb_pentosus_ZFM222_C
Lb_pentosus_ZFM94_C	1589	:CHRSM	Lb_pentosus_ZFM94_C
Lb_pentosus_krglsrbmofpi2_S	1589	:CHRSM	Lb_pentosus_krglsrbmofpi2_S
Lb_plantarum_16_C	1590	:CHRSM	Lb_plantarum_16_C
Lb_plantarum_ATCC_14917_S	1590	:CHRSM	Lb_plantarum_ATCC_14917_S
Lb_plantarum_CGMCC_1-2437_S	1590	:CHRSM	Lb_plantarum_CGMCC_1-2437_S
Lb_plantarum_CNRZ1008_P	1590	:CHRSM	Lb_plantarum_CNRZ1008_P
Lb_plantarum_CNRZ1220_P	1590	:CHRSM	Lb_plantarum_CNRZ1220_P
Lb_plantarum_CNRZ1228_P	1590	:CHRSM	Lb_plantarum_CNRZ1228_P
Lb_plantarum_CNRZ1310_P	1590	:CHRSM	Lb_plantarum_CNRZ1310_P
Lb_plantarum_CNRZ1572_P	1590	:CHRSM	Lb_plantarum_CNRZ1572_P
Lb_plantarum_CNRZ1628_P	1590	:CHRSM	Lb_plantarum_CNRZ1628_P
Lb_plantarum_CNRZ1972_P	1590	:CHRSM	Lb_plantarum_CNRZ1972_P
Lb_plantarum_CNRZ1978_P	1590	:CHRSM	Lb_plantarum_CNRZ1978_P
Lb_plantarum_CNRZ1979_P	1590	:CHRSM	Lb_plantarum_CNRZ1979_P
Lb_plantarum_CNRZ211_P	1590	:CHRSM	Lb_plantarum_CNRZ211_P
Lb_plantarum_CNRZ432_P	1590	:CHRSM	Lb_plantarum_CNRZ432_P
Lb_plantarum_CNRZ73_P	1590	:CHRSM	Lb_plantarum_CNRZ73_P
Lb_plantarum_DOMLa_C	1590	:CHRSM	Lb_plantarum_DOMLa_C
Lb_plantarum_JDM1_C	1590	:CHRSM	Lb_plantarum_JDM1_C
Lb_plantarum_JP8_P	1590	:CHRSM	Lb_plantarum_JP8_P
Lb_plantarum_S1-2-110_P	1590	:CHRSM	Lb_plantarum_S1-2-110_P
Lb_plantarum_S2-SL_P	1590	:CHRSM	Lb_plantarum_S2-SL_P
Lb_plantarum_S4-2-29_P	1590	:CHRSM	Lb_plantarum_S4-2-29_P
Lb_plantarum_SPR1-22-7_P	1590	:CHRSM	Lb_plantarum_SPR1-22-7_P
Lb_plantarum_ST-III_C	1590	:CHRSM	Lb_plantarum_ST-III_C
Lb_plantarum_UCMA_3037_S	1590	:CHRSM	Lb_plantarum_UCMA_3037_S
Lb_plantarum_V1-18-104_P	1590	:CHRSM	Lb_plantarum_V1-18-104_P
Lb_plantarum_V6-2-27_P	1590	:CHRSM	Lb_plantarum_V6-2-27_P
Lb_plantarum_WCFS1_C	1590	:CHRSM	Lb_plantarum_WCFS1_C
Lb_plantarum_ZJ316_C	1590	:CHRSM	Lb_plantarum_ZJ316_C
Lb_reuteri_ATCC_53608_C	1598	:CHRSM	Lb_reuteri_ATCC_53608_C
Lb_reuteri_CF48-3A_S	1598	:CHRSM	Lb_reuteri_CF48-3A_S
Lb_reuteri_CNRZ1620_P	1598	:CHRSM	Lb_reuteri_CNRZ1620_P
Lb_reuteri_CNRZ1621_P	1598	:CHRSM	Lb_reuteri_CNRZ1621_P
Lb_reuteri_CNRZ1650_P	1598	:CHRSM	Lb_reuteri_CNRZ1650_P
Lb_reuteri_CNRZ1657_P	1598	:CHRSM	Lb_reuteri_CNRZ1657_P
Lb_reuteri_CNRZ1827_P	1598	:CHRSM	Lb_reuteri_CNRZ1827_P
Lb_reuteri_CNRZ1994_P	1598	:CHRSM	Lb_reuteri_CNRZ1994_P
Lb_reuteri_CNRZ230_P	1598	:CHRSM	Lb_reuteri_CNRZ230_P
Lb_reuteri_CNRZ431_P	1598	:CHRSM	Lb_reuteri_CNRZ431_P
Lb_reuteri_CNRZ746_P	1598	:CHRSM	Lb_reuteri_CNRZ746_P
Lb_reuteri_CNRZ747_P	1598	:CHRSM	Lb_reuteri_CNRZ747_P
Lb_reuteri_DSM_20016_C	1598	:CHRSM	Lb_reuteri_DSM_20016_C
Lb_reuteri_DSM_20016_S	1598	:CHRSM	Lb_reuteri_DSM_20016_S
Lb_reuteri_I5007_C	1598	:CHRSM	Lb_reuteri_I5007_C
Lb_reuteri_JCM_1112_C	1598	:CHRSM	Lb_reuteri_JCM_1112_C
Lb_reuteri_MM2-3_S	1598	:CHRSM	Lb_reuteri_MM2-3_S
Lb_reuteri_SD2112_C	1598	:CHRSM	Lb_reuteri_SD2112_C
Lb_reuteri_TD1_C	1598	:CHRSM	Lb_reuteri_TD1_C
Lb_rhamnosus_1-0320_C	47715	:CHRSM	Lb_rhamnosus_1-0320_C
Lb_rhamnosus_1001216B_150713_B1_S	47715	:CHRSM	Lb_rhamnosus_1001216B_150713_B1_S
Lb_rhamnosus_1001283B150210_160208_A4_S	47715	:CHRSM	Lb_rhamnosus_1001283B150210_160208_A4_S
Lb_rhamnosus_1001287B_170213_A1_S	47715	:CHRSM	Lb_rhamnosus_1001287B_170213_A1_S
Lb_rhamnosus_1001311H_170123_H11_S	47715	:CHRSM	Lb_rhamnosus_1001311H_170123_H11_S
Lb_rhamnosus_186_LRHA_S	47715	:CHRSM	Lb_rhamnosus_186_LRHA_S
Lb_rhamnosus_214_LRHA_S	47715	:CHRSM	Lb_rhamnosus_214_LRHA_S
Lb_rhamnosus_390_LRHA_S	47715	:CHRSM	Lb_rhamnosus_390_LRHA_S
Lb_rhamnosus_4928STDY7387919_S	47715	:CHRSM	Lb_rhamnosus_4928STDY7387919_S
Lb_rhamnosus_4B15_C	47715	:CHRSM	Lb_rhamnosus_4B15_C
Lb_rhamnosus_5-1_S	47715	:CHRSM	Lb_rhamnosus_5-1_S
Lb_rhamnosus_526_LRHA_S	47715	:CHRSM	Lb_rhamnosus_526_LRHA_S
Lb_rhamnosus_541_LRHA_S	47715	:CHRSM	Lb_rhamnosus_541_LRHA_S
Lb_rhamnosus_769_LRHA_S	47715	:CHRSM	Lb_rhamnosus_769_LRHA_S
Lb_rhamnosus_784_LRHA_S	47715	:CHRSM	Lb_rhamnosus_784_LRHA_S
Lb_rhamnosus_944_LRHA_S	47715	:CHRSM	Lb_rhamnosus_944_LRHA_S
Lb_rhamnosus_979_LRHA_S	47715	:CHRSM	Lb_rhamnosus_979_LRHA_S
Lb_rhamnosus_AMBR1_S	47715	:CHRSM	Lb_rhamnosus_AMBR1_S
Lb_rhamnosus_AMC0706_S	47715	:CHRSM	Lb_rhamnosus_AMC0706_S
Lb_rhamnosus_AMC0707_S	47715	:CHRSM	Lb_rhamnosus_AMC0707_S
Lb_rhamnosus_AMC0709_S	47715	:CHRSM	Lb_rhamnosus_AMC0709_S
Lb_rhamnosus_AMC0710_S	47715	:CHRSM	Lb_rhamnosus_AMC0710_S
Lb_rhamnosus_AMC0712_S	47715	:CHRSM	Lb_rhamnosus_AMC0712_S
Lb_rhamnosus_AMC0713_S	47715	:CHRSM	Lb_rhamnosus_AMC0713_S
Lb_rhamnosus_AMC0714_S	47715	:CHRSM	Lb_rhamnosus_AMC0714_S
Lb_rhamnosus_AMC0716_S	47715	:CHRSM	Lb_rhamnosus_AMC0716_S
Lb_rhamnosus_AMC0721_S	47715	:CHRSM	Lb_rhamnosus_AMC0721_S
Lb_rhamnosus_AMC0722_S	47715	:CHRSM	Lb_rhamnosus_AMC0722_S
Lb_rhamnosus_ASCC_1521_S	47715	:CHRSM	Lb_rhamnosus_ASCC_1521_S
Lb_rhamnosus_ASCC_3016_S	47715	:CHRSM	Lb_rhamnosus_ASCC_3016_S
Lb_rhamnosus_ASCC_3018_S	47715	:CHRSM	Lb_rhamnosus_ASCC_3018_S
Lb_rhamnosus_ASCC_3029_S	47715	:CHRSM	Lb_rhamnosus_ASCC_3029_S
Lb_rhamnosus_ATCC_11443_C	47715	:CHRSM	Lb_rhamnosus_ATCC_11443_C
Lb_rhamnosus_ATCC_21052_S	47715	:CHRSM	Lb_rhamnosus_ATCC_21052_S
Lb_rhamnosus_ATCC_53103_C	47715	:CHRSM	Lb_rhamnosus_ATCC_53103_C
Lb_rhamnosus_ATCC_8530_C	47715	:CHRSM	Lb_rhamnosus_ATCC_8530_C
Lb_rhamnosus_BFE5264_C	47715	:CHRSM	Lb_rhamnosus_BFE5264_C
Lb_rhamnosus_BIO5326_C	47715	:CHRSM	Lb_rhamnosus_BIO5326_C
Lb_rhamnosus_BIO6870_C	47715	:CHRSM	Lb_rhamnosus_BIO6870_C
Lb_rhamnosus_BIOML-A1_S	47715	:CHRSM	Lb_rhamnosus_BIOML-A1_S
Lb_rhamnosus_BIOML-A3_S	47715	:CHRSM	Lb_rhamnosus_BIOML-A3_S
Lb_rhamnosus_BIOML-A4_S	47715	:CHRSM	Lb_rhamnosus_BIOML-A4_S
Lb_rhamnosus_BIOML-A7_S	47715	:CHRSM	Lb_rhamnosus_BIOML-A7_S
Lb_rhamnosus_BPL15_S	47715	:CHRSM	Lb_rhamnosus_BPL15_S
Lb_rhamnosus_BPL5_C	47715	:CHRSM	Lb_rhamnosus_BPL5_C
Lb_rhamnosus_CASL_S	47715	:CHRSM	Lb_rhamnosus_CASL_S
Lb_rhamnosus_CBC-LR1_S	47715	:CHRSM	Lb_rhamnosus_CBC-LR1_S
Lb_rhamnosus_DSM_14870_C	47715	:CHRSM	Lb_rhamnosus_DSM_14870_C
Lb_rhamnosus_DSM_20021_S	47715	:CHRSM	Lb_rhamnosus_DSM_20021_S
Lb_rhamnosus_FAM_20558_S	47715	:CHRSM	Lb_rhamnosus_FAM_20558_S
Lb_rhamnosus_GG_C	47715	:CHRSM	Lb_rhamnosus_GG_C
Lb_rhamnosus_LMS2-1_S	47715	:CHRSM	Lb_rhamnosus_LMS2-1_S
Lb_rhamnosus_LOCK900_C	47715	:CHRSM	Lb_rhamnosus_LOCK900_C
Lb_rhamnosus_LOCK908_C	47715	:CHRSM	Lb_rhamnosus_LOCK908_C
Lb_rhamnosus_LR-B1_C	47715	:CHRSM	Lb_rhamnosus_LR-B1_C
Lb_rhamnosus_LR-B2_S	47715	:CHRSM	Lb_rhamnosus_LR-B2_S
Lb_rhamnosus_LR-CVC_S	47715	:CHRSM	Lb_rhamnosus_LR-CVC_S
Lb_rhamnosus_LR-S_S	47715	:CHRSM	Lb_rhamnosus_LR-S_S
Lb_rhamnosus_LR2_S	47715	:CHRSM	Lb_rhamnosus_LR2_S
Lb_rhamnosus_LR5_C	47715	:CHRSM	Lb_rhamnosus_LR5_C
Lb_rhamnosus_LV108_C	47715	:CHRSM	Lb_rhamnosus_LV108_C
Lb_rhamnosus_Lc_705_C	47715	:CHRSM	Lb_rhamnosus_Lc_705_C
Lb_rhamnosus_Lrh39_S	47715	:CHRSM	Lb_rhamnosus_Lrh39_S
Lb_rhamnosus_Lrh46_S	47715	:CHRSM	Lb_rhamnosus_Lrh46_S
Lb_rhamnosus_MGYG-HGUT-01293_C	47715	:CHRSM	Lb_rhamnosus_MGYG-HGUT-01293_C
Lb_rhamnosus_NCTC13710_C	47715	:CHRSM	Lb_rhamnosus_NCTC13710_C
Lb_rhamnosus_NCTC13764_C	47715	:CHRSM	Lb_rhamnosus_NCTC13764_C
Lb_rhamnosus_Pen_C	47715	:CHRSM	Lb_rhamnosus_Pen_C
Lb_rhamnosus_QC_S	47715	:CHRSM	Lb_rhamnosus_QC_S
Lb_rhamnosus_RI-004_S	47715	:CHRSM	Lb_rhamnosus_RI-004_S
Lb_rhamnosus_SCT-10-10-60_C	47715	:CHRSM	Lb_rhamnosus_SCT-10-10-60_C
Lb_rhamnosus_TK-F8B_C	47715	:CHRSM	Lb_rhamnosus_TK-F8B_C
Lb_rhamnosus_UBLR-58_S	47715	:CHRSM	Lb_rhamnosus_UBLR-58_S
Lb_rhamnosus_UMB0004_S	47715	:CHRSM	Lb_rhamnosus_UMB0004_S
Lb_rhamnosus_hsryfm_1301_C	47715	:CHRSM	Lb_rhamnosus_hsryfm_1301_C
Lb_rhamnosus_CIRM608CONTA_P	47715	:CHRSM	Lb_rhamnosus_CIRM608CONTA_P
Lb_rhamnosus_CNRZ1216_P	47715	:CHRSM	Lb_rhamnosus_CNRZ1216_P
Lb_rhamnosus_CNRZ1217_P	47715	:CHRSM	Lb_rhamnosus_CNRZ1217_P
Lb_rhamnosus_CNRZ1219_P	47715	:CHRSM	Lb_rhamnosus_CNRZ1219_P
Lb_rhamnosus_CNRZ1222_P	47715	:CHRSM	Lb_rhamnosus_CNRZ1222_P
Lb_rhamnosus_CNRZ1223_P	47715	:CHRSM	Lb_rhamnosus_CNRZ1223_P
Lb_rhamnosus_CNRZ1225_P	47715	:CHRSM	Lb_rhamnosus_CNRZ1225_P
Lb_rhamnosus_CNRZ1253_P	47715	:CHRSM	Lb_rhamnosus_CNRZ1253_P
Lb_rhamnosus_CNRZ1364_P	47715	:CHRSM	Lb_rhamnosus_CNRZ1364_P
Lb_rhamnosus_CNRZ1668_P	47715	:CHRSM	Lb_rhamnosus_CNRZ1668_P
Lb_rhamnosus_CNRZ185_P	47715	:CHRSM	Lb_rhamnosus_CNRZ185_P
Lb_rhamnosus_CNRZ205_P	47715	:CHRSM	Lb_rhamnosus_CNRZ205_P
Lb_rhamnosus_CNRZ2084_P	47715	:CHRSM	Lb_rhamnosus_CNRZ2084_P
Lb_rhamnosus_CNRZ2085_P	47715	:CHRSM	Lb_rhamnosus_CNRZ2085_P
Lb_rhamnosus_CNRZ2089_P	47715	:CHRSM	Lb_rhamnosus_CNRZ2089_P
Lb_rhamnosus_CNRZ212_P	47715	:CHRSM	Lb_rhamnosus_CNRZ212_P
Lb_rhamnosus_CNRZ317_P	47715	:CHRSM	Lb_rhamnosus_CNRZ317_P
Lb_rhamnosus_CNRZ442_P	47715	:CHRSM	Lb_rhamnosus_CNRZ442_P
Lb_rhamnosus_CNRZ740_P	47715	:CHRSM	Lb_rhamnosus_CNRZ740_P
Lb_sakei_23K_C	1599	:CHRSM	Lb_sakei_23K_C
Lb_sakei_CBA3614_C	1599	:CHRSM	Lb_sakei_CBA3614_C
Lb_sakei_CBA3635_C	1599	:CHRSM	Lb_sakei_CBA3635_C
Lb_sakei_DS4_C	1599	:CHRSM	Lb_sakei_DS4_C
Lb_sakei_DSM_15831_S	1599	:CHRSM	Lb_sakei_DSM_15831_S
Lb_sakei_FAM18311_C	1599	:CHRSM	Lb_sakei_FAM18311_C
Lb_sakei_FLEC01_C	1599	:CHRSM	Lb_sakei_FLEC01_C
Lb_sakei_J54_C	1599	:CHRSM	Lb_sakei_J54_C
Lb_sakei_J64_C	1599	:CHRSM	Lb_sakei_J64_C
Lb_sakei_L15_S	1599	:CHRSM	Lb_sakei_L15_S
Lb_sakei_LK-145_C	1599	:CHRSM	Lb_sakei_LK-145_C
Lb_sakei_LT-13_C	1599	:CHRSM	Lb_sakei_LT-13_C
Lb_sakei_LZ217_C	1599	:CHRSM	Lb_sakei_LZ217_C
Lb_sakei_MBEL1397_C	1599	:CHRSM	Lb_sakei_MBEL1397_C
Lb_sakei_MFPB16A1401_C	1599	:CHRSM	Lb_sakei_MFPB16A1401_C
Lb_sakei_MFPB19_C	1599	:CHRSM	Lb_sakei_MFPB19_C
Lb_sakei_RI-404_S	1599	:CHRSM	Lb_sakei_RI-404_S
Lb_sakei_RI-409_S	1599	:CHRSM	Lb_sakei_RI-409_S
Lb_sakei_RI-517_S	1599	:CHRSM	Lb_sakei_RI-517_S
Lb_sakei_WiKim0063_C	1599	:CHRSM	Lb_sakei_WiKim0063_C
Lb_sakei_WiKim0072_C	1599	:CHRSM	Lb_sakei_WiKim0072_C
Lb_sakei_WiKim0074_C	1599	:CHRSM	Lb_sakei_WiKim0074_C
Lb_sakei_ZFM220_C	1599	:CHRSM	Lb_sakei_ZFM220_C
Lb_sakei_ZFM225_C	1599	:CHRSM	Lb_sakei_ZFM225_C
Lb_sakei_ZFM229_C	1599	:CHRSM	Lb_sakei_ZFM229_C
Lb_salivarius_ATCC_11741_S	1624	:CHRSM	Lb_salivarius_ATCC_11741_S
Lb_salivarius_Ren_C	1624	:CHRSM	Lb_salivarius_Ren_C
Lb_salivarius_SMXD51_S	1624	:CHRSM	Lb_salivarius_SMXD51_S
Lb_salivarius_UCC118_C	1624	:CHRSM	Lb_salivarius_UCC118_C
Lb_unknown_11239_P	186826	:CHRSM	Lb_unknown_11239_P
Lb_unknown_1131_P	186826	:CHRSM	Lb_unknown_1131_P
Lb_unknown_214_P	186826	:CHRSM	Lb_unknown_214_P
Lb_unknown_2257_P	186826	:CHRSM	Lb_unknown_2257_P
Lb_unknown_225_P	186826	:CHRSM	Lb_unknown_225_P
Lb_unknown_229_P	186826	:CHRSM	Lb_unknown_229_P
Lb_unknown_Z1372_P	186826	:CHRSM	Lb_unknown_Z1372_P
Lb_unknown_Z236_P	186826	:CHRSM	Lb_unknown_Z236_P
Lb_unknown_Z36_P	186826	:CHRSM	Lb_unknown_Z36_P
Lb_unknown_Z493_P	186826	:CHRSM	Lb_unknown_Z493_P
Lco_lactis_1001095IJ_161003_G11_S	1358	:CHRSM	Lco_lactis_1001095IJ_161003_G11_S
Lco_lactis_1064-C11_S	1358	:CHRSM	Lco_lactis_1064-C11_S
Lco_lactis_1064-E11_S	1358	:CHRSM	Lco_lactis_1064-E11_S
Lco_lactis_158_C	1358	:CHRSM	Lco_lactis_158_C
Lco_lactis_21_S	1358	:CHRSM	Lco_lactis_21_S
Lco_lactis_275_C	1358	:CHRSM	Lco_lactis_275_C
Lco_lactis_417_S	1358	:CHRSM	Lco_lactis_417_S
Lco_lactis_517-C6_S	1358	:CHRSM	Lco_lactis_517-C6_S
Lco_lactis_537_S	1358	:CHRSM	Lco_lactis_537_S
Lco_lactis_641-C8_S	1358	:CHRSM	Lco_lactis_641-C8_S
Lco_lactis_A12_C	1358	:CHRSM	Lco_lactis_A12_C
Lco_lactis_A76_C	1358	:CHRSM	Lco_lactis_A76_C
Lco_lactis_AI06_C	1358	:CHRSM	Lco_lactis_AI06_C
Lco_lactis_AM11-49_S	1358	:CHRSM	Lco_lactis_AM11-49_S
Lco_lactis_ASCC_1263_S	1358	:CHRSM	Lco_lactis_ASCC_1263_S
Lco_lactis_ASCC_519_S	1358	:CHRSM	Lco_lactis_ASCC_519_S
Lco_lactis_ATCC_11454_S	1358	:CHRSM	Lco_lactis_ATCC_11454_S
Lco_lactis_ATCC_19257_S	1358	:CHRSM	Lco_lactis_ATCC_19257_S
Lco_lactis_ATCC_19435_S	1358	:CHRSM	Lco_lactis_ATCC_19435_S
Lco_lactis_C2D_S	1358	:CHRSM	Lco_lactis_C2D_S
Lco_lactis_CF106_S	1358	:CHRSM	Lco_lactis_CF106_S
Lco_lactis_CH_LC01_S	1358	:CHRSM	Lco_lactis_CH_LC01_S
Lco_lactis_CNRZ105_P	1358	:CHRSM	Lco_lactis_CNRZ105_P
Lco_lactis_CNRZ106_P	1358	:CHRSM	Lco_lactis_CNRZ106_P
Lco_lactis_CNRZ107_P	1358	:CHRSM	Lco_lactis_CNRZ107_P
Lco_lactis_CNRZ109_P	1358	:CHRSM	Lco_lactis_CNRZ109_P
Lco_lactis_CNRZ112_P	1358	:CHRSM	Lco_lactis_CNRZ112_P
Lco_lactis_CNRZ113_P	1358	:CHRSM	Lco_lactis_CNRZ113_P
Lco_lactis_CNRZ1249_P	1358	:CHRSM	Lco_lactis_CNRZ1249_P
Lco_lactis_CNRZ124_P	1358	:CHRSM	Lco_lactis_CNRZ124_P
Lco_lactis_CNRZ1250_P	1358	:CHRSM	Lco_lactis_CNRZ1250_P
Lco_lactis_CNRZ1260_P	1358	:CHRSM	Lco_lactis_CNRZ1260_P
Lco_lactis_CNRZ1304_P	1358	:CHRSM	Lco_lactis_CNRZ1304_P
Lco_lactis_CNRZ1305_P	1358	:CHRSM	Lco_lactis_CNRZ1305_P
Lco_lactis_CNRZ1324_P	1358	:CHRSM	Lco_lactis_CNRZ1324_P
Lco_lactis_CNRZ1337_P	1358	:CHRSM	Lco_lactis_CNRZ1337_P
Lco_lactis_CNRZ1346_P	1358	:CHRSM	Lco_lactis_CNRZ1346_P
Lco_lactis_CNRZ1349_P	1358	:CHRSM	Lco_lactis_CNRZ1349_P
Lco_lactis_CNRZ1350_P	1358	:CHRSM	Lco_lactis_CNRZ1350_P
Lco_lactis_CNRZ1397_P	1358	:CHRSM	Lco_lactis_CNRZ1397_P
Lco_lactis_CNRZ1398_P	1358	:CHRSM	Lco_lactis_CNRZ1398_P
Lco_lactis_CNRZ142_P	1358	:CHRSM	Lco_lactis_CNRZ142_P
Lco_lactis_CNRZ1516_P	1358	:CHRSM	Lco_lactis_CNRZ1516_P
Lco_lactis_CNRZ190_P	1358	:CHRSM	Lco_lactis_CNRZ190_P
Lco_lactis_CNRZ192_P	1358	:CHRSM	Lco_lactis_CNRZ192_P
Lco_lactis_CNRZ261_P	1358	:CHRSM	Lco_lactis_CNRZ261_P
Lco_lactis_CNRZ28_P	1358	:CHRSM	Lco_lactis_CNRZ28_P
Lco_lactis_CNRZ29_P	1358	:CHRSM	Lco_lactis_CNRZ29_P
Lco_lactis_CNRZ338_P	1358	:CHRSM	Lco_lactis_CNRZ338_P
Lco_lactis_CNRZ339_P	1358	:CHRSM	Lco_lactis_CNRZ339_P
Lco_lactis_CNRZ380_P	1358	:CHRSM	Lco_lactis_CNRZ380_P
Lco_lactis_CNRZ382_P	1358	:CHRSM	Lco_lactis_CNRZ382_P
Lco_lactis_CNRZ427_P	1358	:CHRSM	Lco_lactis_CNRZ427_P
Lco_lactis_CNRZ429_P	1358	:CHRSM	Lco_lactis_CNRZ429_P
Lco_lactis_CNRZ430_P	1358	:CHRSM	Lco_lactis_CNRZ430_P
Lco_lactis_CNRZ436_P	1358	:CHRSM	Lco_lactis_CNRZ436_P
Lco_lactis_CNRZ486_P	1358	:CHRSM	Lco_lactis_CNRZ486_P
Lco_lactis_CNRZ487_P	1358	:CHRSM	Lco_lactis_CNRZ487_P
Lco_lactis_CV56_C	1358	:CHRSM	Lco_lactis_CV56_C
Lco_lactis_DPC6856_S	1358	:CHRSM	Lco_lactis_DPC6856_S
Lco_lactis_Dephy_1_S	1358	:CHRSM	Lco_lactis_Dephy_1_S
Lco_lactis_F44_C	1358	:CHRSM	Lco_lactis_F44_C
Lco_lactis_FM03_C	1358	:CHRSM	Lco_lactis_FM03_C
Lco_lactis_F_C	1358	:CHRSM	Lco_lactis_F_C
Lco_lactis_G423_C	1358	:CHRSM	Lco_lactis_G423_C
Lco_lactis_G50_C	1358	:CHRSM	Lco_lactis_G50_C
Lco_lactis_GL2_S	1358	:CHRSM	Lco_lactis_GL2_S
Lco_lactis_IL1403_C	1358	:CHRSM	Lco_lactis_IL1403_C
Lco_lactis_IL6288_C	1358	:CHRSM	Lco_lactis_IL6288_C
Lco_lactis_IO-1_C	1358	:CHRSM	Lco_lactis_IO-1_C
Lco_lactis_IPLA1064_S	1358	:CHRSM	Lco_lactis_IPLA1064_S
Lco_lactis_IPLA517_S	1358	:CHRSM	Lco_lactis_IPLA517_S
Lco_lactis_IPLA729_S	1358	:CHRSM	Lco_lactis_IPLA729_S
Lco_lactis_JM2_C	1358	:CHRSM	Lco_lactis_JM2_C
Lco_lactis_JM3_C	1358	:CHRSM	Lco_lactis_JM3_C
Lco_lactis_KF147_C	1358	:CHRSM	Lco_lactis_KF147_C
Lco_lactis_KMB_596_S	1358	:CHRSM	Lco_lactis_KMB_596_S
Lco_lactis_KW2_C	1358	:CHRSM	Lco_lactis_KW2_C
Lco_lactis_L19_C	1358	:CHRSM	Lco_lactis_L19_C
Lco_lactis_L62-G9_S	1358	:CHRSM	Lco_lactis_L62-G9_S
Lco_lactis_L81-D1_S	1358	:CHRSM	Lco_lactis_L81-D1_S
Lco_lactis_L98-E2_S	1358	:CHRSM	Lco_lactis_L98-E2_S
Lco_lactis_L98_S	1358	:CHRSM	Lco_lactis_L98_S
Lco_lactis_LC16P1_P	1358	:CHRSM	Lco_lactis_LC16P1_P
Lco_lactis_LD61_S	1358	:CHRSM	Lco_lactis_LD61_S
Lco_lactis_LMG_7760_S	1358	:CHRSM	Lco_lactis_LMG_7760_S
Lco_lactis_MG1363_C	1358	:CHRSM	Lco_lactis_MG1363_C
Lco_lactis_MGYG-HGUT-00226_S	1358	:CHRSM	Lco_lactis_MGYG-HGUT-00226_S
Lco_lactis_MS22333_S	1358	:CHRSM	Lco_lactis_MS22333_S
Lco_lactis_MS22336_S	1358	:CHRSM	Lco_lactis_MS22336_S
Lco_lactis_MS22337_S	1358	:CHRSM	Lco_lactis_MS22337_S
Lco_lactis_NZ9000_C	1358	:CHRSM	Lco_lactis_NZ9000_C
Lco_lactis_RTB018_S	1358	:CHRSM	Lco_lactis_RTB018_S
Lco_lactis_S0_C	1358	:CHRSM	Lco_lactis_S0_C
Lco_lactis_S1-17-137_P	1358	:CHRSM	Lco_lactis_S1-17-137_P
Lco_lactis_S50_C	1358	:CHRSM	Lco_lactis_S50_C
Lco_lactis_SD96_C	1358	:CHRSM	Lco_lactis_SD96_C
Lco_lactis_SK11_C	1358	:CHRSM	Lco_lactis_SK11_C
Lco_lactis_UC063_C	1358	:CHRSM	Lco_lactis_UC063_C
Lco_lactis_UC06_C	1358	:CHRSM	Lco_lactis_UC06_C
Lco_lactis_UC08_C	1358	:CHRSM	Lco_lactis_UC08_C
Lco_lactis_UC11_C	1358	:CHRSM	Lco_lactis_UC11_C
Lco_lactis_UL8_C	1358	:CHRSM	Lco_lactis_UL8_C
Lco_lactis_V1-16-152_P	1358	:CHRSM	Lco_lactis_V1-16-152_P
Lco_lactis_VS3_P	1358	:CHRSM	Lco_lactis_VS3_P
Leu_citreum_1300_LCIT_S	33964	:CHRSM	Leu_citreum_1300_LCIT_S
Leu_citreum_1301_LGAS_S	33964	:CHRSM	Leu_citreum_1301_LGAS_S
Leu_citreum_37_C	33964	:CHRSM	Leu_citreum_37_C
Leu_citreum_CBA3621_C	33964	:CHRSM	Leu_citreum_CBA3621_C
Leu_citreum_CBA3623_C	33964	:CHRSM	Leu_citreum_CBA3623_C
Leu_citreum_CBA3624_C	33964	:CHRSM	Leu_citreum_CBA3624_C
Leu_citreum_CBA3627_C	33964	:CHRSM	Leu_citreum_CBA3627_C
Leu_citreum_CNRZ1449_P	33964	:CHRSM	Leu_citreum_CNRZ1449_P
Leu_citreum_CNRZ1461_P	33964	:CHRSM	Leu_citreum_CNRZ1461_P
Leu_citreum_CNRZ1463_P	33964	:CHRSM	Leu_citreum_CNRZ1463_P
Leu_citreum_CNRZ1467_P	33964	:CHRSM	Leu_citreum_CNRZ1467_P
Leu_citreum_CNRZ1476_P	33964	:CHRSM	Leu_citreum_CNRZ1476_P
Leu_citreum_CNRZ1693_P	33964	:CHRSM	Leu_citreum_CNRZ1693_P
Leu_citreum_CNRZ1766_P	33964	:CHRSM	Leu_citreum_CNRZ1766_P
Leu_citreum_CNRZ1802_P	33964	:CHRSM	Leu_citreum_CNRZ1802_P
Leu_citreum_CNRZ1984_P	33964	:CHRSM	Leu_citreum_CNRZ1984_P
Leu_citreum_CNRZ2008_P	33964	:CHRSM	Leu_citreum_CNRZ2008_P
Leu_citreum_CNRZ2031_P	33964	:CHRSM	Leu_citreum_CNRZ2031_P
Leu_citreum_CNRZ2032_P	33964	:CHRSM	Leu_citreum_CNRZ2032_P
Leu_citreum_CNRZ2033_P	33964	:CHRSM	Leu_citreum_CNRZ2033_P
Leu_citreum_CNRZ2038_P	33964	:CHRSM	Leu_citreum_CNRZ2038_P
Leu_citreum_CNRZ2044_P	33964	:CHRSM	Leu_citreum_CNRZ2044_P
Leu_citreum_F192-5_S	33964	:CHRSM	Leu_citreum_F192-5_S
Leu_citreum_KM20_C	33964	:CHRSM	Leu_citreum_KM20_C
Leu_citreum_NRIC_1776_S	33964	:CHRSM	Leu_citreum_NRIC_1776_S
Leu_lactis_1001095IJ_161003_G5_S	1246	:CHRSM	Leu_lactis_1001095IJ_161003_G5_S
Leu_lactis_1001262B_160229_C9_S	1246	:CHRSM	Leu_lactis_1001262B_160229_C9_S
Leu_lactis_CBA3622_C	1246	:CHRSM	Leu_lactis_CBA3622_C
Leu_lactis_CBA3625_C	1246	:CHRSM	Leu_lactis_CBA3625_C
Leu_lactis_CBA3626_C	1246	:CHRSM	Leu_lactis_CBA3626_C
Leu_lactis_WiKim40_C	1246	:CHRSM	Leu_lactis_WiKim40_C
Leu_mesenteroides_ATCC_8293_C	1245	:CHRSM	Leu_mesenteroides_ATCC_8293_C
Leu_mesenteroides_ATCC_19254_S	1245	:CHRSM	Leu_mesenteroides_ATCC_19254_S
Leu_mesenteroides_AtHG50_S	1245	:CHRSM	Leu_mesenteroides_AtHG50_S
Leu_mesenteroides_BD1710_C	1245	:CHRSM	Leu_mesenteroides_BD1710_C
Leu_mesenteroides_BD3749_C	1245	:CHRSM	Leu_mesenteroides_BD3749_C
Leu_mesenteroides_CBA3628_C	1245	:CHRSM	Leu_mesenteroides_CBA3628_C
Leu_mesenteroides_CBA7131_C	1245	:CHRSM	Leu_mesenteroides_CBA7131_C
Leu_mesenteroides_CBA3607_C	1245	:CHRSM	Leu_mesenteroides_CBA3607_C
Leu_mesenteroides_CNRZ1221_P	1245	:CHRSM	Leu_mesenteroides_CNRZ1221_P
Leu_mesenteroides_CNRZ1313_P	1245	:CHRSM	Leu_mesenteroides_CNRZ1313_P
Leu_mesenteroides_CNRZ1330_P	1245	:CHRSM	Leu_mesenteroides_CNRZ1330_P
Leu_mesenteroides_CNRZ1629_P	1245	:CHRSM	Leu_mesenteroides_CNRZ1629_P
Leu_mesenteroides_CNRZ1630_P	1245	:CHRSM	Leu_mesenteroides_CNRZ1630_P
Leu_mesenteroides_CNRZ1793_P	1245	:CHRSM	Leu_mesenteroides_CNRZ1793_P
Leu_mesenteroides_CNRZ1794_P	1245	:CHRSM	Leu_mesenteroides_CNRZ1794_P
Leu_mesenteroides_CNRZ1988_P	1245	:CHRSM	Leu_mesenteroides_CNRZ1988_P
Leu_mesenteroides_CNRZ2011_P	1245	:CHRSM	Leu_mesenteroides_CNRZ2011_P
Leu_mesenteroides_CNRZ2035_P	1245	:CHRSM	Leu_mesenteroides_CNRZ2035_P
Leu_mesenteroides_CNRZ345_P	1245	:CHRSM	Leu_mesenteroides_CNRZ345_P
Leu_mesenteroides_CNRZ413_P	1245	:CHRSM	Leu_mesenteroides_CNRZ413_P
Leu_mesenteroides_CNRZ426_P	1245	:CHRSM	Leu_mesenteroides_CNRZ426_P
Leu_mesenteroides_CNRZ749_P	1245	:CHRSM	Leu_mesenteroides_CNRZ749_P
Leu_mesenteroides_DE0394_S	1245	:CHRSM	Leu_mesenteroides_DE0394_S
Leu_mesenteroides_DRC0211_C	1245	:CHRSM	Leu_mesenteroides_DRC0211_C
Leu_mesenteroides_DRC1506_C	1245	:CHRSM	Leu_mesenteroides_DRC1506_C
Leu_mesenteroides_DSM_20484_C	1245	:CHRSM	Leu_mesenteroides_DSM_20484_C
Leu_mesenteroides_FM06_C	1245	:CHRSM	Leu_mesenteroides_FM06_C
Leu_mesenteroides_GL1_S	1245	:CHRSM	Leu_mesenteroides_GL1_S
Leu_mesenteroides_J18_C	1245	:CHRSM	Leu_mesenteroides_J18_C
Leu_mesenteroides_KFRI-MG_C	1245	:CHRSM	Leu_mesenteroides_KFRI-MG_C
Leu_mesenteroides_KIBGE-IB22_S	1245	:CHRSM	Leu_mesenteroides_KIBGE-IB22_S
Leu_mesenteroides_LK-151_C	1245	:CHRSM	Leu_mesenteroides_LK-151_C
Leu_mesenteroides_LMGCF07_S	1245	:CHRSM	Leu_mesenteroides_LMGCF07_S
Leu_mesenteroides_MGYG-HGUT-01341_S	1245	:CHRSM	Leu_mesenteroides_MGYG-HGUT-01341_S
Leu_mesenteroides_M11_S	1245	:CHRSM	Leu_mesenteroides_M11_S
Leu_mesenteroides_S1-2-49_P	1245	:CHRSM	Leu_mesenteroides_S1-2-49_P
Leu_mesenteroides_SG315_S	1245	:CHRSM	Leu_mesenteroides_SG315_S
Leu_mesenteroides_SRCM102733_C	1245	:CHRSM	Leu_mesenteroides_SRCM102733_C
Leu_mesenteroides_SRCM102735_C	1245	:CHRSM	Leu_mesenteroides_SRCM102735_C
Leu_mesenteroides_SRCM103356_C	1245	:CHRSM	Leu_mesenteroides_SRCM103356_C
Leu_mesenteroides_SRCM103453_C	1245	:CHRSM	Leu_mesenteroides_SRCM103453_C
Leu_mesenteroides_SRCM103460_C	1245	:CHRSM	Leu_mesenteroides_SRCM103460_C
Leu_mesenteroides_T26_S	1245	:CHRSM	Leu_mesenteroides_T26_S
Leu_mesenteroides_V2-16-13_P	1245	:CHRSM	Leu_mesenteroides_V2-16-13_P
Leu_mesenteroides_VS1_P	1245	:CHRSM	Leu_mesenteroides_VS1_P
Leu_mesenteroides_WC0331_S	1245	:CHRSM	Leu_mesenteroides_WC0331_S
Leu_mesenteroides_WC0330_S	1245	:CHRSM	Leu_mesenteroides_WC0330_S
Leu_pseudomesenteroides_KIBGE-IB22_S	33968	:CHRSM	Leu_pseudomesenteroides_KIBGE-IB22_S
Leu_pseudomesenteroides_LMGH61_S	33968	:CHRSM	Leu_pseudomesenteroides_LMGH61_S
Leu_pseudomesenteroides_1159_S	33968	:CHRSM	Leu_pseudomesenteroides_1159_S
Leu_pseudomesenteroides_LMGH284_S	33968	:CHRSM	Leu_pseudomesenteroides_LMGH284_S
Leu_pseudomesenteroides_CBA3607_C	33968	:CHRSM	Leu_pseudomesenteroides_CBA3607_C
Leu_pseudomesenteroides_CBA3630_C	33968	:CHRSM	Leu_pseudomesenteroides_CBA3630_C
Leu_pseudomesenteroides_PS12_S	33968	:CHRSM	Leu_pseudomesenteroides_PS12_S
Pe_acidilactici_1001270B_150601_H6_S	1254	:CHRSM	Pe_acidilactici_1001270B_150601_H6_S
Pe_acidilactici_1001287B_170213_G1_S	1254	:CHRSM	Pe_acidilactici_1001287B_170213_G1_S
Pe_acidilactici_1001295B_180824_F12_S	1254	:CHRSM	Pe_acidilactici_1001295B_180824_F12_S
Pe_acidilactici_1001311H_170123_E5_S	1254	:CHRSM	Pe_acidilactici_1001311H_170123_E5_S
Pe_acidilactici_7_4_S	1254	:CHRSM	Pe_acidilactici_7_4_S
Pe_acidilactici_ATCC_8042_C	1254	:CHRSM	Pe_acidilactici_ATCC_8042_C
Pe_acidilactici_BCC1_C	1254	:CHRSM	Pe_acidilactici_BCC1_C
Pe_acidilactici_CACC_537_C	1254	:CHRSM	Pe_acidilactici_CACC_537_C
Pe_acidilactici_D3_S	1254	:CHRSM	Pe_acidilactici_D3_S
Pe_acidilactici_DSM_19927_S	1254	:CHRSM	Pe_acidilactici_DSM_19927_S
Pe_acidilactici_DSM_20284_S	1254	:CHRSM	Pe_acidilactici_DSM_20284_S
Pe_acidilactici_HN9_C	1254	:CHRSM	Pe_acidilactici_HN9_C
Pe_acidilactici_IRZ12B_S	1254	:CHRSM	Pe_acidilactici_IRZ12B_S
Pe_acidilactici_J1101004_170508_C3_S	1254	:CHRSM	Pe_acidilactici_J1101004_170508_C3_S
Pe_acidilactici_JQII-5_C	1254	:CHRSM	Pe_acidilactici_JQII-5_C
Pe_acidilactici_L14-B_S	1254	:CHRSM	Pe_acidilactici_L14-B_S
Pe_acidilactici_L2-A_S	1254	:CHRSM	Pe_acidilactici_L2-A_S
Pe_acidilactici_L3-A_S	1254	:CHRSM	Pe_acidilactici_L3-A_S
Pe_acidilactici_L8-A_S	1254	:CHRSM	Pe_acidilactici_L8-A_S
Pe_acidilactici_LPBC161_S	1254	:CHRSM	Pe_acidilactici_LPBC161_S
Pe_acidilactici_MGYG-HGUT-01296_S	1254	:CHRSM	Pe_acidilactici_MGYG-HGUT-01296_S
Pe_acidilactici_PB22_C	1254	:CHRSM	Pe_acidilactici_PB22_C
Pe_acidilactici_PMC48_C	1254	:CHRSM	Pe_acidilactici_PMC48_C
Pe_acidilactici_PMC65_C	1254	:CHRSM	Pe_acidilactici_PMC65_C
Pe_acidilactici_SRCM100313_C	1254	:CHRSM	Pe_acidilactici_SRCM100313_C
Pe_acidilactici_SRCM100424_C	1254	:CHRSM	Pe_acidilactici_SRCM100424_C
Pe_acidilactici_SRCM101189_C	1254	:CHRSM	Pe_acidilactici_SRCM101189_C
Pe_acidilactici_SRCM102731_C	1254	:CHRSM	Pe_acidilactici_SRCM102731_C
Pe_acidilactici_SRCM102732_C	1254	:CHRSM	Pe_acidilactici_SRCM102732_C
Pe_acidilactici_SRCM103367_C	1254	:CHRSM	Pe_acidilactici_SRCM103367_C
Pe_acidilactici_SRCM103387_C	1254	:CHRSM	Pe_acidilactici_SRCM103387_C
Pe_acidilactici_SRCM103444_C	1254	:CHRSM	Pe_acidilactici_SRCM103444_C
Pe_acidilactici_ZPA017_C	1254	:CHRSM	Pe_acidilactici_ZPA017_C
Pe_acidilactici_CNRZ360_P	1254	:CHRSM	Pe_acidilactici_CNRZ360_P
Pe_acidilactici_CNRZ443_P	1254	:CHRSM	Pe_acidilactici_CNRZ443_P
Pe_parvulus_CNRZ2237_P	54062	:CHRSM	Pe_parvulus_CNRZ2237_P
Pe_parvulus_CNRZ2238_P	54062	:CHRSM	Pe_parvulus_CNRZ2238_P
Pe_parvulus_CNRZ2239_P	54062	:CHRSM	Pe_parvulus_CNRZ2239_P
Pe_pentosaceus_6_1_S	1255	:CHRSM	Pe_pentosaceus_6_1_S
Pe_pentosaceus_ATCC_25745_C	1255	:CHRSM	Pe_pentosaceus_ATCC_25745_C
Pe_pentosaceus_CNRZ444_P	1255	:CHRSM	Pe_pentosaceus_CNRZ444_P
Pe_pentosaceus_DSM_20281_S	1255	:CHRSM	Pe_pentosaceus_DSM_20281_S
Pe_pentosaceus_DSM_20333_S	1255	:CHRSM	Pe_pentosaceus_DSM_20333_S
Pe_pentosaceus_DSM_28628_S	1255	:CHRSM	Pe_pentosaceus_DSM_28628_S
Pe_pentosaceus_DSM_46292_S	1255	:CHRSM	Pe_pentosaceus_DSM_46292_S
Pe_pentosaceus_FAM18321_S	1255	:CHRSM	Pe_pentosaceus_FAM18321_S
Pe_pentosaceus_FAM18813_S	1255	:CHRSM	Pe_pentosaceus_FAM18813_S
Pe_pentosaceus_FAM19086_S	1255	:CHRSM	Pe_pentosaceus_FAM19086_S
Pe_pentosaceus_FAM20650_S	1255	:CHRSM	Pe_pentosaceus_FAM20650_S
Pe_pentosaceus_FAM_19144_S	1255	:CHRSM	Pe_pentosaceus_FAM_19144_S
Pe_pentosaceus_FAM_19164_S	1255	:CHRSM	Pe_pentosaceus_FAM_19164_S
Pe_pentosaceus_FAM_20709_S	1255	:CHRSM	Pe_pentosaceus_FAM_20709_S
Pe_pentosaceus_FAM_20746_S	1255	:CHRSM	Pe_pentosaceus_FAM_20746_S
Pe_pentosaceus_FAM_22491_S	1255	:CHRSM	Pe_pentosaceus_FAM_22491_S
Pe_pentosaceus_FAM_23908_S	1255	:CHRSM	Pe_pentosaceus_FAM_23908_S
Pe_pentosaceus_FAM_24207_S	1255	:CHRSM	Pe_pentosaceus_FAM_24207_S
Pe_pentosaceus_FAM_24211_S	1255	:CHRSM	Pe_pentosaceus_FAM_24211_S
Pe_pentosaceus_FAM_24213_S	1255	:CHRSM	Pe_pentosaceus_FAM_24213_S
Pe_pentosaceus_GDIAS001_C	1255	:CHRSM	Pe_pentosaceus_GDIAS001_C
Pe_pentosaceus_JQI-7_C	1255	:CHRSM	Pe_pentosaceus_JQI-7_C
Pe_pentosaceus_KCCM_40703_C	1255	:CHRSM	Pe_pentosaceus_KCCM_40703_C
Pe_pentosaceus_LMG_11487_S	1255	:CHRSM	Pe_pentosaceus_LMG_11487_S
Pe_pentosaceus_LP28_S	1255	:CHRSM	Pe_pentosaceus_LP28_S
Pe_pentosaceus_MNM-G1_P	1255	:CHRSM	Pe_pentosaceus_MNM-G1_P
Pe_pentosaceus_PK-V1-2-126_P	1255	:CHRSM	Pe_pentosaceus_PK-V1-2-126_P
Pe_pentosaceus_PK-VPR1-2-33_P	1255	:CHRSM	Pe_pentosaceus_PK-VPR1-2-33_P
Pe_pentosaceus_SL001_C	1255	:CHRSM	Pe_pentosaceus_SL001_C
Pe_pentosaceus_SL4_C	1255	:CHRSM	Pe_pentosaceus_SL4_C
Pe_pentosaceus_SRCM100194_C	1255	:CHRSM	Pe_pentosaceus_SRCM100194_C
Pe_pentosaceus_SRCM100892_C	1255	:CHRSM	Pe_pentosaceus_SRCM100892_C
Pe_pentosaceus_SRCM102734_C	1255	:CHRSM	Pe_pentosaceus_SRCM102734_C
Pe_pentosaceus_SRCM102736_C	1255	:CHRSM	Pe_pentosaceus_SRCM102736_C
Pe_pentosaceus_SRCM102738_C	1255	:CHRSM	Pe_pentosaceus_SRCM102738_C
Pe_pentosaceus_SRCM102739_C	1255	:CHRSM	Pe_pentosaceus_SRCM102739_C
Pe_pentosaceus_SRCM102740_C	1255	:CHRSM	Pe_pentosaceus_SRCM102740_C
Pe_pentosaceus_SS1-3_C	1255	:CHRSM	Pe_pentosaceus_SS1-3_C
Pe_pentosaceus_wikim20_C	1255	:CHRSM	Pe_pentosaceus_wikim20_C
Pr_freudenreichii_CB129slpB_C	1744	:CHRSM	Pr_freudenreichii_CB129slpB_C
Pr_freudenreichii_CIRM-B1AI_C	1744	:CHRSM	Pr_freudenreichii_CIRM-B1AI_C
Pr_freudenreichii_CIRM_BIA1_S	1744	:CHRSM	Pr_freudenreichii_CIRM_BIA1_S
Pr_freudenreichii_CIRM_BIA118_S	1744	:CHRSM	Pr_freudenreichii_CIRM-BIA118_S
Pr_freudenreichii_CIRM_BIA119_S	1744	:CHRSM	Pr_freudenreichii_CIRM_BIA119_S
Pr_freudenreichii_CIRM_BIA121_S	1744	:CHRSM	Pr_freudenreichii_CIRM_BIA121_S
Pr_freudenreichii_CIRM_BIA122_S	1744	:CHRSM	Pr_freudenreichii_CIRM_BIA122_S
Pr_freudenreichii_CIRM_BIA122_C	1744	:CHRSM	Pr_freudenreichii_CIRM_BIA122_C
Pr_freudenreichii_CIRM_BIA123_S	1744	:CHRSM	Pr_freudenreichii_CIRM_BIA123_S
Pr_freudenreichii_CIRM_BIA125_S	1744	:CHRSM	Pr_freudenreichii_CIRM_BIA125_S
Pr_freudenreichii_CIRM_BIA127_S	1744	:CHRSM	Pr_freudenreichii_CIRM_BIA127_S
Pr_freudenreichii_CIRM_BIA134_S	1744	:CHRSM	Pr_freudenreichii_CIRM_BIA134_S
Pr_freudenreichii_CIRM_BIA135_S	1744	:CHRSM	Pr_freudenreichii_CIRM_BIA135_S
Pr_freudenreichii_CIRM_BIA138_S	1744	:CHRSM	Pr_freudenreichii_CIRM_BIA138_S
Pr_freudenreichii_CIRM_BIA139_S	1744	:CHRSM	Pr_freudenreichii_CIRM_BIA139_S
Pr_freudenreichii_CIRM_BIA456_S	1744	:CHRSM	Pr_freudenreichii_CIRM-BIA456_S
Pr_freudenreichii_CIRM_BIA456_Pl	1744	:CHRSM	Pr_freudenreichii_CIRM_BIA456_Pl
Pr_freudenreichii_CIRM_BIA456_C	1744	:CHRSM	Pr_freudenreichii_CIRM_BIA456_C
Pr_freudenreichii_CIRM_BIA508_S	1744	:CHRSM	Pr_freudenreichii_CIRM_BIA508_S
Pr_freudenreichii_CIRM_BIA512_S	1744	:CHRSM	Pr_freudenreichii_CIRM_BIA512_S
Pr_freudenreichii_CIRM_BIA513_S	1744	:CHRSM	Pr_freudenreichii_CIRM_BIA513_S
Pr_freudenreichii_CIRM_BIA514_S	1744	:CHRSM	Pr_freudenreichii_CIRM_BIA514_S
Pr_freudenreichii_CIRM_BIA516_S	1744	:CHRSM	Pr_freudenreichii_CIRM_BIA516_S
Pr_freudenreichii_CIRM_BIA527_S	1744	:CHRSM	Pr_freudenreichii_CIRM_BIA527_S
Pr_freudenreichii_CIRM_BIA1025_S	1744	:CHRSM	Pr_freudenreichii_CIRM_BIA1025_S
Pr_freudenreichii_DSM_20271_C	1744	:CHRSM	Pr_freudenreichii_DSM_20271_C
Pr_freudenreichii_FAM_14217_C	1744	:CHRSM	Pr_freudenreichii_FAM_14217_C
Pr_freudenreichii_ITG_P14_S	1744	:CHRSM	Pr_freudenreichii_ITG_P14_S
Pr_freudenreichii_ITG_P18_S	1744	:CHRSM	Pr_freudenreichii_ITG_P18_S
Pr_freudenreichii_ITG_P1_S	1744	:CHRSM	Pr_freudenreichii_ITG_P1_S
Pr_freudenreichii_ITG_P20_S	1744	:CHRSM	Pr_freudenreichii_ITG_P20_S
Pr_freudenreichii_ITG_P23_S	1744	:CHRSM	Pr_freudenreichii_ITG_P23_S
Pr_freudenreichii_MGYG-HGUT-02401_C	1744	:CHRSM	Pr_freudenreichii_MGYG-HGUT-02401_C
Pr_freudenreichii_P-UF1_C	1744	:CHRSM	Pr_freudenreichii_P-UF1_C
Pr_freudenreichii_PFREUDJS1_C	1744	:CHRSM	Pr_freudenreichii_PFREUDJS1_C
Pr_freudenreichii_PFRJS-23_C	1744	:CHRSM	Pr_freudenreichii_PFRJS-23_C
Pr_freudenreichii_PFRJS11_C	1744	:CHRSM	Pr_freudenreichii_PFRJS11_C
Pr_freudenreichii_PFRJS12-1_C	1744	:CHRSM	Pr_freudenreichii_PFRJS12-1_C
Pr_freudenreichii_PFRJS12_C	1744	:CHRSM	Pr_freudenreichii_PFRJS12_C
Pr_freudenreichii_PFRJS14_C	1744	:CHRSM	Pr_freudenreichii_PFRJS14_C
Pr_freudenreichii_PFRJS18_C	1744	:CHRSM	Pr_freudenreichii_PFRJS18_C
Pr_freudenreichii_PFRJS22-genome_C	1744	:CHRSM	Pr_freudenreichii_PFRJS22-genome_C
Pr_freudenreichii_PFRJS25_C	1744	:CHRSM	Pr_freudenreichii_PFRJS25_C
Pr_freudenreichii_PFRJS2_C	1744	:CHRSM	Pr_freudenreichii_PFRJS2_C
Pr_freudenreichii_PFRJS4_C	1744	:CHRSM	Pr_freudenreichii_PFRJS4_C
Pr_freudenreichii_PFRJS8_C	1744	:CHRSM	Pr_freudenreichii_PFRJS8_C
Pr_freudenreichii_T82_S	1744	:CHRSM	Pr_freudenreichii_T82_S
Pr_freudenreichii_TL1226_P	1744	:CHRSM	Pr_freudenreichii_TL1226_P
Pr_freudenreichii_TL1250_P	1744	:CHRSM	Pr_freudenreichii_TL1250_P
Pr_freudenreichii_TL1252_P	1744	:CHRSM	Pr_freudenreichii_TL1252_P
Pr_freudenreichii_TL1263_P	1744	:CHRSM	Pr_freudenreichii_TL1263_P
Pr_freudenreichii_TL1369_P	1744	:CHRSM	Pr_freudenreichii_TL1369_P
Pr_freudenreichii_TL208_P	1744	:CHRSM	Pr_freudenreichii_TL208_P
Pr_freudenreichii_TL209_P	1744	:CHRSM	Pr_freudenreichii_TL209_P
Pr_freudenreichii_TL210_P	1744	:CHRSM	Pr_freudenreichii_TL210_P
Pr_freudenreichii_TL230_P	1744	:CHRSM	Pr_freudenreichii_TL230_P
Pr_freudenreichii_TL234_P	1744	:CHRSM	Pr_freudenreichii_TL234_P
Pr_freudenreichii_TL259_P	1744	:CHRSM	Pr_freudenreichii_TL259_P
Pr_freudenreichii_TL267_P	1744	:CHRSM	Pr_freudenreichii_TL267_P
Pr_freudenreichii_TL292_P	1744	:CHRSM	Pr_freudenreichii_TL292_P
Pr_freudenreichii_TL501_P	1744	:CHRSM	Pr_freudenreichii_TL501_P
Pr_freudenreichii_TL502_P	1744	:CHRSM	Pr_freudenreichii_TL502_P
Pr_freudenreichii_TL512_P	1744	:CHRSM	Pr_freudenreichii_TL512_P
Pr_freudenreichii_TL521_P	1744	:CHRSM	Pr_freudenreichii_TL521_P
Pr_freudenreichii_TL525_P	1744	:CHRSM	Pr_freudenreichii_TL525_P
Pr_freudenreichii_TL589_P	1744	:CHRSM	Pr_freudenreichii_TL589_P
ST-CIRM368	1308	:CHRSM	LHFFIPOL_1
ST-CIRM65	1308	:CHRSM	AGACCFCK_1
ST-CIRM67	1308	:CHRSM	FAINBHJH_1
ST-CIRM956	1308	:CHRSM	EMDDFLNA_1
ST-CIRM998	1308	:CHRSM	BPNOFOMI_1
St_thermophilus_05-34_S	1308	:CHRSM	St_thermophilus_05-34_S
St_thermophilus_ACA-DC_2_C	1308	:CHRSM	St_thermophilus_ACA-DC_2_C
St_thermophilus_APC151_C	1308	:CHRSM	St_thermophilus_APC151_C
St_thermophilus_ASCC_1275_C	1308	:CHRSM	St_thermophilus_ASCC_1275_C
St_thermophilus_ATCC_19258_C	1308	:CHRSM	St_thermophilus_ATCC_19258_C
St_thermophilus_ATCC_19258_S	1308	:CHRSM	St_thermophilus_ATCC_19258_S
St_thermophilus_B59671_C	1308	:CHRSM	St_thermophilus_B59671_C
St_thermophilus_CBC-S77_S	1308	:CHRSM	St_thermophilus_CBC-S77_S
St_thermophilus_CNRZ1066_C	1308	:CHRSM	St_thermophilus_CNRZ1066_C
St_thermophilus_CNRZ1197_P	1308	:CHRSM	St_thermophilus_CNRZ1197_P
St_thermophilus_CNRZ1400_P	1308	:CHRSM	St_thermophilus_CNRZ1400_P
St_thermophilus_CNRZ1492_P	1308	:CHRSM	St_thermophilus_CNRZ1492_P
St_thermophilus_CNRZ1575_P	1308	:CHRSM	St_thermophilus_CNRZ1575_P
St_thermophilus_CNRZ1576_P	1308	:CHRSM	St_thermophilus_CNRZ1576_P
St_thermophilus_CNRZ1595_P	1308	:CHRSM	St_thermophilus_CNRZ1595_P
St_thermophilus_CNRZ1596_P	1308	:CHRSM	St_thermophilus_CNRZ1596_P
St_thermophilus_CNRZ160_P	1308	:CHRSM	St_thermophilus_CNRZ160_P
St_thermophilus_CNRZ1820_P	1308	:CHRSM	St_thermophilus_CNRZ1820_P
St_thermophilus_CNRZ1821_P	1308	:CHRSM	St_thermophilus_CNRZ1821_P
St_thermophilus_CNRZ1822_P	1308	:CHRSM	St_thermophilus_CNRZ1822_P
St_thermophilus_CNRZ1893_P	1308	:CHRSM	St_thermophilus_CNRZ1893_P
St_thermophilus_CNRZ1896_P	1308	:CHRSM	St_thermophilus_CNRZ1896_P
St_thermophilus_CNRZ21_P	1308	:CHRSM	St_thermophilus_CNRZ21_P
St_thermophilus_CNRZ27_P	1308	:CHRSM	St_thermophilus_CNRZ27_P
St_thermophilus_CNRZ302_P	1308	:CHRSM	St_thermophilus_CNRZ302_P
St_thermophilus_CNRZ307_P	1308	:CHRSM	St_thermophilus_CNRZ307_P
St_thermophilus_CNRZ308_P	1308	:CHRSM	St_thermophilus_CNRZ308_P
St_thermophilus_CNRZ310_P	1308	:CHRSM	St_thermophilus_CNRZ310_P
St_thermophilus_CNRZ385_P	1308	:CHRSM	St_thermophilus_CNRZ385_P
St_thermophilus_CNRZ386_P	1308	:CHRSM	St_thermophilus_CNRZ386_P
St_thermophilus_CNRZ387_P	1308	:CHRSM	St_thermophilus_CNRZ387_P
St_thermophilus_CNRZ389_P	1308	:CHRSM	St_thermophilus_CNRZ389_P
St_thermophilus_CNRZ439_P	1308	:CHRSM	St_thermophilus_CNRZ439_P
St_thermophilus_CNRZ446_P	1308	:CHRSM	St_thermophilus_CNRZ446_P
St_thermophilus_CNRZ447_P	1308	:CHRSM	St_thermophilus_CNRZ447_P
St_thermophilus_CNRZ455_P	1308	:CHRSM	St_thermophilus_CNRZ455_P
St_thermophilus_CNRZ461_P	1308	:CHRSM	St_thermophilus_CNRZ461_P
St_thermophilus_CNRZ463_P	1308	:CHRSM	St_thermophilus_CNRZ463_P
St_thermophilus_CNRZ464_P	1308	:CHRSM	St_thermophilus_CNRZ464_P
St_thermophilus_CNRZ701_P	1308	:CHRSM	St_thermophilus_CNRZ701_P
St_thermophilus_CNRZ702_P	1308	:CHRSM	St_thermophilus_CNRZ702_P
St_thermophilus_CNRZ703_P	1308	:CHRSM	St_thermophilus_CNRZ703_P
St_thermophilus_CNRZ756_P	1308	:CHRSM	St_thermophilus_CNRZ756_P
St_thermophilus_CNRZ757_P	1308	:CHRSM	St_thermophilus_CNRZ757_P
St_thermophilus_CNRZ758_P	1308	:CHRSM	St_thermophilus_CNRZ758_P
St_thermophilus_CNRZ759_P	1308	:CHRSM	St_thermophilus_CNRZ759_P
St_thermophilus_CNRZ761_P	1308	:CHRSM	St_thermophilus_CNRZ761_P
St_thermophilus_CNRZ779_P	1308	:CHRSM	St_thermophilus_CNRZ779_P
St_thermophilus_CNRZ781_P	1308	:CHRSM	St_thermophilus_CNRZ781_P
St_thermophilus_CNRZ7_P	1308	:CHRSM	St_thermophilus_CNRZ7_P
St_thermophilus_CS18_C	1308	:CHRSM	St_thermophilus_CS18_C
St_thermophilus_CS5_C	1308	:CHRSM	St_thermophilus_CS5_C
St_thermophilus_CS8_C	1308	:CHRSM	St_thermophilus_CS8_C
St_thermophilus_CS9_C	1308	:CHRSM	St_thermophilus_CS9_C
St_thermophilus_DGCC_7710_C	1308	:CHRSM	St_thermophilus_DGCC_7710_C
St_thermophilus_EPS_C	1308	:CHRSM	St_thermophilus_EPS_C
St_thermophilus_EU01_C	1308	:CHRSM	St_thermophilus_EU01_C
St_thermophilus_GABA_C	1308	:CHRSM	St_thermophilus_GABA_C
St_thermophilus_IDCC2201_C	1308	:CHRSM	St_thermophilus_IDCC2201_C
St_thermophilus_JIM_8232_C	1308	:CHRSM	St_thermophilus_JIM_8232_C
St_thermophilus_KLDS3-1012_S	1308	:CHRSM	St_thermophilus_KLDS3-1012_S
St_thermophilus_KLDS_3-1003_C	1308	:CHRSM	St_thermophilus_KLDS_3-1003_C
St_thermophilus_KLDS_SM_C	1308	:CHRSM	St_thermophilus_KLDS_SM_C
St_thermophilus_LMD-9_C	1308	:CHRSM	St_thermophilus_LMD-9_C
St_thermophilus_LMG_18311_C	1308	:CHRSM	St_thermophilus_LMG_18311_C
St_thermophilus_MN-BM-A01_C	1308	:CHRSM	St_thermophilus_MN-BM-A01_C
St_thermophilus_MN-BM-A02_C	1308	:CHRSM	St_thermophilus_MN-BM-A02_C
St_thermophilus_MN-ZLW-002_C	1308	:CHRSM	St_thermophilus_MN-ZLW-002_C
St_thermophilus_N4L_C	1308	:CHRSM	St_thermophilus_N4L_C
St_thermophilus_NCTC12958_C	1308	:CHRSM	St_thermophilus_NCTC12958_C
St_thermophilus_ND03_C	1308	:CHRSM	St_thermophilus_ND03_C
St_thermophilus_ND07_C	1308	:CHRSM	St_thermophilus_ND07_C
St_thermophilus_S9_C	1308	:CHRSM	St_thermophilus_S9_C
St_thermophilus_SMQ-301_C	1308	:CHRSM	St_thermophilus_SMQ-301_C
St_thermophilus_ST106_C	1308	:CHRSM	St_thermophilus_ST106_C
St_thermophilus_ST109_C	1308	:CHRSM	St_thermophilus_ST109_C
St_thermophilus_ST10P2_P	1308	:CHRSM	St_thermophilus_ST10P2_P
St_thermophilus_ST3_C	1308	:CHRSM	St_thermophilus_ST3_C
St_thermophilus_ST64987_C	1308	:CHRSM	St_thermophilus_ST64987_C
St_thermophilus_STH_CIRM_1035_C	1308	:CHRSM	St_thermophilus_STH_CIRM_1035_C
St_thermophilus_STH_CIRM_1046_C	1308	:CHRSM	St_thermophilus_STH_CIRM_1046_C
St_thermophilus_STH_CIRM_1047_C	1308	:CHRSM	St_thermophilus_STH_CIRM_1047_C
St_thermophilus_STH_CIRM_1048_C	1308	:CHRSM	St_thermophilus_STH_CIRM_1048_C
St_thermophilus_STH_CIRM_1049_C	1308	:CHRSM	St_thermophilus_STH_CIRM_1049_C
St_thermophilus_STH_CIRM_1050_C	1308	:CHRSM	St_thermophilus_STH_CIRM_1050_C
St_thermophilus_STH_CIRM_1051_C	1308	:CHRSM	St_thermophilus_STH_CIRM_1051_C
St_thermophilus_STH_CIRM_1055_C	1308	:CHRSM	St_thermophilus_STH_CIRM_1055_C
St_thermophilus_STH_CIRM_1116_C	1308	:CHRSM	St_thermophilus_STH_CIRM_1116_C
St_thermophilus_STH_CIRM_1121_C	1308	:CHRSM	St_thermophilus_STH_CIRM_1121_C
St_thermophilus_STH_CIRM_1122_C	1308	:CHRSM	St_thermophilus_STH_CIRM_1122_C
St_thermophilus_STH_CIRM_1125_C	1308	:CHRSM	St_thermophilus_STH_CIRM_1125_C
St_thermophilus_STH_CIRM_1358_C	1308	:CHRSM	St_thermophilus_STH_CIRM_1358_C
St_thermophilus_STH_CIRM_16_C	1308	:CHRSM	St_thermophilus_STH_CIRM_16_C
St_thermophilus_STH_CIRM_18_C	1308	:CHRSM	St_thermophilus_STH_CIRM_18_C
St_thermophilus_STH_CIRM_19_C	1308	:CHRSM	St_thermophilus_STH_CIRM_19_C
St_thermophilus_STH_CIRM_2101_C	1308	:CHRSM	St_thermophilus_STH_CIRM_2101_C
St_thermophilus_STH_CIRM_23_C	1308	:CHRSM	St_thermophilus_STH_CIRM_23_C
St_thermophilus_STH_CIRM_29_C	1308	:CHRSM	St_thermophilus_STH_CIRM_29_C
St_thermophilus_STH_CIRM_30_C	1308	:CHRSM	St_thermophilus_STH_CIRM_30_C
St_thermophilus_STH_CIRM_32_C	1308	:CHRSM	St_thermophilus_STH_CIRM_32_C
St_thermophilus_STH_CIRM_336_C	1308	:CHRSM	St_thermophilus_STH_CIRM_336_C
St_thermophilus_STH_CIRM_368_C	1308	:CHRSM	St_thermophilus_STH_CIRM_368_C
St_thermophilus_STH_CIRM_36_C	1308	:CHRSM	St_thermophilus_STH_CIRM_36_C
St_thermophilus_STH_CIRM_65_C	1308	:CHRSM	St_thermophilus_STH_CIRM_65_C
St_thermophilus_STH_CIRM_67_C	1308	:CHRSM	St_thermophilus_STH_CIRM_67_C
St_thermophilus_STH_CIRM_772_C	1308	:CHRSM	St_thermophilus_STH_CIRM_772_C
St_thermophilus_STH_CIRM_956_C	1308	:CHRSM	St_thermophilus_STH_CIRM_956_C
St_thermophilus_STH_CIRM_961_C	1308	:CHRSM	St_thermophilus_STH_CIRM_961_C
St_thermophilus_STH_CIRM_967_C	1308	:CHRSM	St_thermophilus_STH_CIRM_967_C
St_thermophilus_STH_CIRM_998_C	1308	:CHRSM	St_thermophilus_STH_CIRM_998_C
St_thermophilus_St1-GS-2_S	1308	:CHRSM	St_thermophilus_St1-GS-2_S
St_thermophilus_St1-WT_S	1308	:CHRSM	St_thermophilus_St1-WT_S
St_thermophilus_TK-P3A_C	1308	:CHRSM	St_thermophilus_TK-P3A_C
